time,seconds_elapsed,z,y,x
1659029066742357200,0.092357177734375,9.803394317626953,0.31824541091918945,0.16390834748744965
1659029066752027000,0.10202685546875,9.90149974822998,0.27038896083831787,0.1663011759519577
1659029066761696800,0.11169677734375,9.836894035339355,0.28115665912628174,0.1746760457754135
1659029066771366400,0.121366455078125,9.723235130310059,0.3158525824546814,0.14715859293937683
1659029066781036300,0.131036376953125,9.725627899169922,0.3314059376716614,0.13040883839130402
1659029066790706200,0.1407060546875,9.737591743469238,0.30628129839897156,0.15194423496723175
1659029066800376000,0.1503759765625,9.797411918640137,0.2871387302875519,0.17946170270442963
1659029066810045700,0.160045654296875,9.858428955078125,0.29431718587875366,0.16151553392410278
1659029066819715600,0.169715576171875,9.806983947753906,0.30149564146995544,0.14715859293937683
1659029066829385500,0.179385498046875,9.725627899169922,0.31824541091918945,0.1459621787071228
1659029066839055000,0.18905517578125,9.726823806762695,0.29790642857551575,0.16271193325519562
1659029066848725000,0.19872509765625,9.76391315460205,0.3002992272377014,0.16390834748744965
1659029066858395000,0.208394775390625,9.845269203186035,0.30628129839897156,0.16271193325519562
1659029066868064800,0.218064697265625,9.828518867492676,0.3074777126312256,0.1495514214038849
1659029066877734400,0.227734375,9.755537986755371,0.3002992272377014,0.14117653667926788
1659029066887404300,0.237404296875,9.616754531860352,0.27756741642951965,0.17706887423992157
1659029066897074000,0.247073974609375,9.127422332763672,0.22971096634864807,0.2560320198535919
1659029066906743800,0.256743896484375,9.21715259552002,0.30508488416671753,0.19980068504810333
1659029066916413700,0.26641357421875,9.719645500183105,0.35533416271209717,0.037088751792907715
1659029066926083600,0.27608349609375,10.199406623840332,0.43190449476242065,-0.02153540402650833
1659029066935753200,0.285753173828125,10.803594589233398,0.38644084334373474,-0.014356935396790504
1659029066945423000,0.295423095703125,10.279565811157227,0.37926238775253296,0.062213387340307236
1659029066955093000,0.305093017578125,9.527023315429688,0.3194418251514435,0.06580262631177902
1659029066964762600,0.3147626953125,9.250652313232422,0.31465616822242737,0.06340979784727097
1659029066974432500,0.3244326171875,9.625128746032715,0.349352091550827,0.01196411345154047
1659029066984102400,0.334102294921875,10.028319358825684,0.3888336718082428,0.019142581149935722
1659029066993772000,0.34377197265625,10.225728034973145,0.35054850578308105,0.035892341285943985
1659029067003442000,0.35344189453125,9.58205795288086,0.3194418251514435,0.05144568532705307
1659029067013111800,0.36311181640625,9.580862045288086,0.37088751792907715,0.038285162299871445
1659029067022781400,0.372781494140625,9.81655502319336,0.3840480446815491,0.008374879136681557
1659029067032451300,0.382451416015625,9.999606132507324,0.3852444589138031,0.04666004329919815
1659029067042121200,0.392121337890625,10.132407188415527,0.363709032535553,0.05024927482008934
1659029067051791000,0.401791015625,9.948160171508789,0.32303106784820557,0.04546362906694412
1659029067061460700,0.411460693359375,9.820143699645996,0.37926238775253296,0.07776673883199692
1659029067071130600,0.421130615234375,9.628718376159668,0.34217363595962524,0.08614161610603333
1659029067080800300,0.43080029296875,9.487542152404785,0.31345975399017334,0.1663011759519577
1659029067090470100,0.44047021484375,9.561718940734863,0.3074777126312256,0.1256231814622879
1659029067100140000,0.45014013671875,9.584450721740723,0.3529413342475891,0.0323031060397625
1659029067109810000,0.459809814453125,9.729216575622559,0.2069791555404663,0.1136590763926506
1659029067119479600,0.4694794921875,9.797411918640137,0.3613162338733673,0.04785645380616188
1659029067129149400,0.4791494140625,9.8871431350708,0.32183465361595154,0.1052841991186142
1659029067138819300,0.4888193359375,10.520044326782227,0.42352959513664246,-0.05623133108019829
1659029067148489000,0.498489013671875,9.365508079528809,0.2679961323738098,0.23449662327766418
1659029067158158800,0.508158935546875,9.376275062561035,0.2189432680606842,0.13878370821475983
1659029067167828700,0.517828857421875,9.349954605102539,0.26201409101486206,0.14835500717163086
1659029067177498600,0.52749853515625,9.665806770324707,0.34576287865638733,0.09571290761232376
1659029067187168300,0.537168212890625,9.829715728759766,0.35892340540885925,0.040677983313798904
1659029067196838100,0.546838134765625,9.973284721374512,0.34695929288864136,0.017946170642971992
1659029067206507800,0.5565078125,10.017552375793457,0.3409772217273712,0.0526420995593071
1659029067216177700,0.566177734375,10.022337913513184,0.34576287865638733,0.014356935396790504
1659029067225847600,0.57584765625,9.790233612060547,0.33379876613616943,0.05024927482008934
1659029067235517400,0.585517333984375,9.76989459991455,0.35892340540885925,0.029910283163189888
1659029067245187000,0.59518701171875,9.641879081726074,0.3314059376716614,0.061016976833343506
1659029067254857000,0.60485693359375,9.76391315460205,0.33020952343940735,0.05503492057323456
1659029067264526800,0.61452685546875,9.923035621643066,0.34576287865638733,0.02153540402650833
1659029067274196500,0.624196533203125,9.797411918640137,0.349352091550827,0.029910283163189888
1659029067283866400,0.633866455078125,9.737591743469238,0.35533416271209717,0.037088751792907715
1659029067293536000,0.643535888671875,9.687342643737793,0.349352091550827,0.04307080805301666
1659029067303206000,0.653205810546875,9.67777156829834,0.35413774847984314,0.035892341285943985
1659029067312875800,0.662875732421875,9.881160736083984,0.37447673082351685,0.014356935396790504
1659029067322545700,0.672545654296875,9.914660453796387,0.349352091550827,0.061016976833343506
1659029067332215300,0.68221533203125,9.7064847946167,0.35413774847984314,0.05623133108019829
1659029067341885200,0.69188525390625,9.766305923461914,0.36251261830329895,0.03469592705368996
1659029067351555000,0.70155517578125,9.798608779907227,0.4534398913383484,-0.02153540402650833
1659029067361224700,0.711224609375,9.814162254333496,0.865005373954773,0.010767702013254166
1659029067370894600,0.72089453125,9.765109062194824,1.399801254272461,-0.09451649338006973
1659029067380564500,0.730564453125,9.591629981994629,1.4021940231323242,-0.4534398913383484
1659029067390234000,0.740234130859375,9.753145217895508,1.0133603811264038,-0.6089733839035034
1659029067399904000,0.749904052734375,9.968499183654785,1.4069796800613403,0.015553346835076809
1659029067409574000,0.759573974609375,9.701699256896973,0.5240281820297241,0.3086741268634796
1659029067419243500,0.769243408203125,9.712467193603516,1.1485549211502075,0.1950150430202484
1659029067428913400,0.778913330078125,9.759127616882324,1.0863415002822876,0.09571290761232376
1659029067438583300,0.788583251953125,9.750752449035645,0.9463613629341125,0.1543370634317398
1659029067448253200,0.798253173828125,9.847661972045898,1.1126625537872314,-0.0526420995593071
1659029067457922800,0.8079228515625,9.710074424743652,1.3052847385406494,-0.27756741642951965
1659029067467592700,0.8175927734375,9.723235130310059,1.3411771059036255,-0.3445664644241333
1659029067477262600,0.8272626953125,9.753145217895508,1.4620146751403809,-0.24526432156562805
1659029067486932200,0.83693212890625,9.736394882202148,1.2263215780258179,-0.12801600992679596
1659029067496602000,0.84660205078125,9.701699256896973,1.054038405418396,-0.18424734473228455
1659029067506271700,0.856271728515625,9.908679008483887,1.098305583000183,0.029910283163189888
1659029067515941600,0.865941650390625,9.77707290649414,0.8925228714942932,0.2584248483181
1659029067525611500,0.875611572265625,9.742377281188965,0.7345965504646301,0.4833501875400543
1659029067535281400,0.885281494140625,9.724431037902832,0.7429714202880859,0.50129634141922
1659029067544951000,0.894950927734375,9.66221809387207,0.6819544434547424,0.36729827523231506
1659029067554621000,0.904620849609375,9.789037704467773,0.7214360237121582,0.11485548317432404
1659029067564290800,0.914290771484375,9.805787086486816,0.8877372145652771,-0.029910283163189888
1659029067573960400,0.92396044921875,9.621540069580078,1.412961721420288,-0.3122633695602417
1659029067583630300,0.93363037109375,9.890732765197754,1.0600204467773438,-0.22971096634864807
1659029067593300000,0.943300048828125,9.850054740905762,0.672383189201355,-0.13998012244701385
1659029067602969900,0.952969970703125,9.614361763000488,0.6628118753433228,-0.04905286431312561
1659029067612639700,0.9626396484375,9.853643417358398,0.5288137793540955,-0.031106693670153618
1659029067622309600,0.9723095703125,9.944570541381836,0.029910283163189888,0.3122633695602417
1659029067631979300,0.981979248046875,9.8871431350708,0.3206382393836975,0.5611169338226318
1659029067641649200,0.991649169921875,9.622735977172852,0.30149564146995544,0.5300102233886719
1659029067651319000,1.001319091796875,9.705288887023926,0.3002992272377014,0.486939400434494
1659029067660988700,1.01098876953125,9.814162254333496,0.4091726839542389,0.3074777126312256
1659029067670658600,1.020658447265625,9.945767402648926,0.5228317379951477,0.22851456701755524
1659029067680328400,1.030328369140625,9.667003631591797,0.46779683232307434,0.11485548317432404
1659029067689998000,1.039998046875,9.739984512329102,0.4175475537776947,0.2105683982372284
1659029067699668000,1.04966796875,9.730413436889648,0.7334001660346985,0.31824541091918945
1659029067709337900,1.059337890625,9.839286804199219,0.8219345808029175,0.09690931439399719
1659029067719007500,1.069007568359375,9.741181373596191,0.5647061467170715,0.037088751792907715
1659029067728675600,1.078675537109375,9.858428955078125,0.4378865361213684,0.1902294009923935
1659029067738345500,1.088345458984375,9.728020668029785,0.9248259663581848,-0.003589233849197626
1659029067748015400,1.098015380859375,9.747162818908691,0.6281159520149231,-0.12323036789894104
1659029067757685200,1.107685302734375,9.814162254333496,0.6675975322723389,-0.11485548317432404
1659029067767355100,1.117355224609375,9.812965393066406,0.7932206988334656,-0.06580262631177902
1659029067777024800,1.127024658203125,9.767501831054688,0.363709032535553,-0.12801600992679596
1659029067786694700,1.136694580078125,9.694520950317383,0.6963114142417908,0.04546362906694412
1659029067796364500,1.146364501953125,9.846465110778809,0.6747759580612183,0.02632104977965355
1659029067806034200,1.1560341796875,9.824930191040039,0.4366901218891144,-0.0023928226437419653
1659029067815704000,1.1657041015625,9.671789169311523,0.7070791125297546,-0.0011964113218709826
1659029067825373700,1.175373779296875,9.80219841003418,0.7657032608985901,-0.06580262631177902
1659029067835043600,1.185043701171875,9.77707290649414,0.4295116662979126,0.12203395366668701
1659029067844713500,1.19471337890625,9.851250648498535,0.05144568532705307,-0.0729810893535614
1659029067854383400,1.20438330078125,9.521040916442871,0.6281159520149231,0.1459621787071228
1659029067864053000,1.214052978515625,9.291330337524414,0.2799602448940277,-0.0323031060397625
1659029067873723000,1.223722900390625,9.610772132873535,0.008374879136681557,-0.13878370821475983
1659029067883392800,1.233392822265625,10.147960662841797,0.22492532432079315,-0.20937198400497437
1659029067893062400,1.2430625,9.975677490234375,0.04666004329919815,-0.2153540402650833
1659029067902732300,1.252732177734375,9.34875774383545,-0.008374879136681557,0.17228323221206665
1659029067912402000,1.26240185546875,9.203991889953613,0.058624155819416046,-0.09571290761232376
1659029067922071800,1.27207177734375,9.651450157165527,0.9595218896865845,-0.08135596662759781
1659029067931741700,1.28174169921875,9.7064847946167,0.6771687865257263,-0.18424734473228455
1659029067941411600,1.29141162109375,10.533205032348633,1.0109676122665405,-0.5156532526016235
1659029067951081200,1.301081298828125,10.175477981567383,0.5228317379951477,-0.33858439326286316
1659029067960751000,1.310751220703125,9.821340560913086,0.2105683982372284,-0.2715853750705719
1659029067970421000,1.3204208984375,9.540184020996094,-0.16749759018421173,0.4163511395454407
1659029067980090600,1.330090576171875,9.803394317626953,0.5096712112426758,-0.4618147611618042
1659029067989760500,1.339760498046875,10.937592506408691,0.40319061279296875,0.15194423496723175
1659029067999430100,1.34943017578125,9.463613510131836,0.4247260093688965,0.11246266216039658
1659029068009100000,1.35910009765625,9.56650447845459,0.4414757788181305,0.13160525262355804
1659029068018770000,1.36877001953125,10.039087295532227,0.10648060590028763,0.6508477330207825
1659029068028439800,1.378439697265625,10.037891387939453,0.3720839321613312,0.39481574296951294
1659029068038109400,1.388109375,9.908679008483887,0.30628129839897156,0.3326023519039154
1659029068047779300,1.397779296875,9.54377269744873,0.6735795736312866,0.23210379481315613
1659029068057449200,1.40744921875,9.856036186218262,0.5563312768936157,0.20099709928035736
1659029068067118800,1.417118896484375,9.838089942932129,0.7836494445800781,-0.05383851006627083
1659029068076788700,1.426788818359375,9.382257461547852,0.5419743061065674,-0.05024927482008934
1659029068086458400,1.436458251953125,9.93380355834961,0.7668996453285217,0.4342973232269287
1659029068096128300,1.446128173828125,9.80817985534668,0.7429714202880859,0.4821537733078003
1659029068105798100,1.455798095703125,10.402796745300293,0.537188708782196,0.49172505736351013
1659029068115467800,1.4654677734375,8.870193481445312,0.7597211599349976,-0.16749759018421173
1659029068125137700,1.4751376953125,9.659825325012207,1.275374412536621,0.04187439754605293
1659029068134807600,1.4848076171875,9.931410789489746,0.97148597240448,-0.02871387079358101
1659029068144477400,1.4944775390625,10.229316711425781,1.1258230209350586,0.06819544732570648
1659029068154147000,1.50414697265625,9.419346809387207,0.43908295035362244,0.01196411345154047
1659029068163817000,1.51381689453125,9.856036186218262,1.0085747241973877,0.49172505736351013
1659029068173486600,1.523486572265625,9.584450721740723,1.046859860420227,-0.0323031060397625
1659029068183156500,1.533156494140625,10.427921295166016,0.6376872062683105,-0.20578274130821228
1659029068192826400,1.542826416015625,9.381061553955078,1.1150553226470947,0.11006984114646912
1659029068202496000,1.55249609375,9.535398483276367,0.5288137793540955,0.12323036789894104
1659029068212166000,1.562165771484375,10.338190078735352,0.6759724020957947,0.15314064919948578
1659029068221835800,1.571835693359375,9.751948356628418,0.08614161610603333,0.19262222945690155
1659029068231505700,1.581505615234375,9.005388259887695,0.45583271980285645,0.4977070987224579
1659029068241175300,1.59117529296875,10.381260871887207,0.45583271980285645,0.009571290574967861
1659029068250845200,1.60084521484375,9.885947227478027,0.4941178858280182,0.0323031060397625
1659029068260514800,1.610514892578125,9.073583602905273,0.5168496966362,-0.259621262550354
1659029068270184700,1.620184814453125,10.38365364074707,0.31824541091918945,-0.5419743061065674
1659029068279854600,1.6298544921875,9.711270332336426,0.9056833982467651,-0.33499518036842346
1659029068289524200,1.639524169921875,9.43609619140625,0.6101697683334351,-0.16869398951530457
1659029068299194000,1.649194091796875,9.859625816345215,0.5072783827781677,0.062213387340307236
1659029068308864000,1.658864013671875,9.883553504943848,0.4773681163787842,0.38285163044929504
1659029068318534000,1.668533935546875,9.505488395690918,0.6843472719192505,0.5910272002220154
1659029068328203500,1.67820361328125,9.744770050048828,0.2955136001110077,0.19142581522464752
1659029068337873400,1.687873291015625,9.975677490234375,0.5156532526016235,0.0933200865983963
1659029068347543300,1.697543212890625,10.663614273071289,0.6831508874893188,0.017946170642971992
1659029068357213000,1.707212890625,9.474381446838379,0.45104706287384033,0.2763710021972656
1659029068366882800,1.7168828125,8.889336585998535,0.2105683982372284,0.28235307335853577
1659029068376552400,1.726552490234375,9.89432144165039,0.4139583110809326,0.4127618968486786
1659029068386222300,1.736222412109375,10.279565811157227,0.26081767678260803,0.13040883839130402
1659029068395892200,1.745892333984375,9.927821159362793,0.32542386651039124,0.4534398913383484
1659029068405561900,1.755561767578125,9.249456405639648,0.349352091550827,0.22612173855304718
1659029068415231700,1.765231689453125,9.938589096069336,0.16151553392410278,-0.2679961323738098
1659029068424901600,1.774901611328125,10.242477416992188,0.36610186100006104,-0.24526432156562805
1659029068434571500,1.784571533203125,9.291330337524414,0.4163511395454407,-0.6029912829399109
1659029068444241200,1.7942412109375,9.634700775146484,0.6939185857772827,-0.5527420043945312
1659029068453911000,1.8039111328125,9.729216575622559,0.8530412912368774,-0.39960137009620667
1659029068463580700,1.81358056640625,9.820143699645996,0.537188708782196,-0.2105683982372284
1659029068473250600,1.82325048828125,10.296316146850586,0.3613162338733673,0.10408778488636017
1659029068482920400,1.83292041015625,9.742377281188965,0.14117653667926788,0.3852444589138031
1659029068492590000,1.842590087890625,9.657432556152344,0.12442677468061447,0.6616154313087463
1659029068502260000,1.852260009765625,9.755537986755371,0.2560320198535919,0.32542386651039124
1659029068511929900,1.861929931640625,9.716055870056152,0.641276478767395,0.24646073579788208
1659029068521599700,1.871599853515625,9.505488395690918,0.16031911969184875,0.2153540402650833
1659029068531269400,1.881269287109375,9.9469633102417,0.7549355626106262,-0.0023928226437419653
1659029068540939300,1.890939208984375,10.37647533416748,0.7441678643226624,-0.592223584651947
1659029068550609000,1.90060888671875,9.592825889587402,0.8374879360198975,-0.6209374666213989
1659029068560278800,1.91027880859375,9.870393753051758,0.40797626972198486,-0.3445664644241333
1659029068569948700,1.91994873046875,10.116853713989258,0.2273181527853012,0.26201409101486206
1659029068579618300,1.929618408203125,9.605986595153809,1.0707881450653076,0.28953152894973755
1659029068589288200,1.9392880859375,9.363115310668945,0.45942193269729614,0.5072783827781677
1659029068598958000,1.9489580078125,9.812965393066406,0.2632105052471161,0.2069791555404663
1659029068608627700,1.958627685546875,10.685149192810059,0.7980063557624817,0.064606212079525
1659029068618297600,1.968297607421875,9.314062118530273,0.7513462901115417,-0.6149554252624512
1659029068627967500,1.977967529296875,9.963713645935059,0.6376872062683105,-0.5682953596115112
1659029068637637000,1.98763720703125,9.884750366210938,0.7046862840652466,-0.381655216217041
1659029068647307000,1.99730712890625,9.292527198791504,0.7369893789291382,-0.12801600992679596
1659029068656977000,2.006976806640625,9.824930191040039,0.47617170214653015,0.10408778488636017
1659029068666646500,2.016646484375,10.38485050201416,0.41515472531318665,0.5694918036460876
1659029068676316400,2.02631640625,9.90149974822998,0.34576287865638733,0.6472585201263428
1659029068685986300,2.035986328125,8.949156761169434,0.49292147159576416,0.35533416271209717
1659029068695656000,2.045656005859375,9.747162818908691,0.1423729509115219,0.26201409101486206
1659029068705325800,2.055325927734375,10.328619003295898,0.7525427341461182,0.5000999569892883
1659029068714995500,2.064995361328125,9.734002113342285,0.4486542344093323,0.41515472531318665
1659029068724665300,2.074665283203125,9.578469276428223,0.7537391185760498,-0.05623133108019829
1659029068734335200,2.084335205078125,10.430314064025879,0.8733802437782288,-0.8434699773788452
1659029068744005000,2.094005126953125,7.074379920959473,0.5300102233886719,0.5647061467170715
1659029068753674800,2.1036748046875,11.097911834716797,0.004785645287483931,0.4211367964744568
1659029068763344600,2.1133447265625,10.688738822937012,1.3483555316925049,0.08853443711996078
1659029068773014500,2.1230146484375,8.678768157958984,0.8721838593482971,0.2105683982372284
1659029068782684200,2.13268408203125,10.595418930053711,0.008374879136681557,0.08015955984592438
1659029068792354000,2.14235400390625,9.868000984191895,0.607776939868927,-0.035892341285943985
1659029068802023700,2.152023681640625,9.856036186218262,0.4055834412574768,-0.589830756187439
1659029068811693600,2.161693603515625,9.708877563476562,-0.14476576447486877,-0.13280165195465088
1659029068821363500,2.171363525390625,10.29751205444336,-0.26440688967704773,0.7046862840652466
1659029068831033300,2.181033447265625,9.355937004089355,-0.3900300860404968,0.4223332107067108
1659029068840703000,2.190702880859375,10.006784439086914,0.04785645380616188,0.6807580590248108
1659029068850372900,2.200372802734375,9.617950439453125,0.20817556977272034,0.550349235534668
1659029068860042800,2.210042724609375,9.882357597351074,-0.4462614357471466,0.1136590763926506
1659029068869712400,2.21971240234375,9.929018020629883,0.2871387302875519,0.16749759018421173
1659029068879382300,2.22938232421875,9.724431037902832,0.7920243144035339,-0.05623133108019829
1659029068889052000,2.239052001953125,9.955338478088379,0.27756741642951965,-0.18065811693668365
1659029068898721800,2.2487216796875,9.592825889587402,0.21176479756832123,0.2548356056213379
1659029068908391700,2.2583916015625,9.738788604736328,0.50129634141922,0.13639089465141296
1659029068918061300,2.268061279296875,9.739984512329102,0.17108681797981262,0.2225325107574463
1659029068927731200,2.277731201171875,9.751948356628418,-0.2153540402650833,0.25722843408584595
1659029068937401000,2.287401123046875,9.7938232421875,-0.1256231814622879,0.2715853750705719
1659029068947071000,2.297071044921875,9.629914283752441,0.3888336718082428,-0.3529413342475891
1659029068956740600,2.30674072265625,10.311869621276855,0.4893322288990021,-0.4259224236011505
1659029068966410500,2.316410400390625,9.467203140258789,0.5527420043945312,-0.6819544434547424
1659029068976080400,2.326080322265625,9.997213363647461,0.5431707501411438,-0.2955136001110077
1659029068985750000,2.33575,9.834501266479492,0.5407779216766357,0.26440688967704773
1659029068995420000,2.345419921875,9.927821159362793,0.3290131092071533,0.2871387302875519
1659029069005089500,2.355089599609375,10.00439167022705,0.19262222945690155,0.08135596662759781
1659029069014759400,2.364759521484375,9.711270332336426,0.7262216806411743,0.137587308883667
1659029069024429300,2.37442919921875,9.760323524475098,0.28235307335853577,-0.13280165195465088
1659029069034099200,2.38409912109375,9.850054740905762,0.22372891008853912,-0.11246266216039658
1659029069043768800,2.393768798828125,9.797411918640137,0.2919243574142456,-0.29312077164649963
1659029069053438700,2.403438720703125,9.726823806762695,0.32183465361595154,-0.40677985548973083
1659029069063108600,2.413108642578125,9.714859962463379,0.06340979784727097,-0.1746760457754135
1659029069072778200,2.4227783203125,9.851250648498535,0.3290131092071533,-0.17347964644432068
1659029069082448100,2.4324482421875,9.77826976776123,0.5431707501411438,-0.30508488416671753
1659029069092117800,2.44211767578125,9.817750930786133,0.6245267391204834,-0.4546363055706024
1659029069101787600,2.45178759765625,9.876375198364258,0.8111668825149536,-0.7657032608985901
1659029069111457500,2.46145751953125,9.579665184020996,1.26699960231781,-0.7525427341461182
1659029069121127200,2.471127197265625,9.90987491607666,0.4342973232269287,-0.6544370055198669
1659029069130797000,2.480797119140625,9.750752449035645,0.3290131092071533,-0.0526420995593071
1659029069140467000,2.490467041015625,9.775876998901367,-0.14715859293937683,0.6005984544754028
1659029069150136800,2.50013671875,9.927821159362793,0,0.8458628058433533
1659029069159806500,2.509806396484375,9.607182502746582,0.2679961323738098,0.8051848411560059
1659029069169476400,2.519476318359375,9.871589660644531,0.34576287865638733,0.5862415432929993
1659029069179146000,2.52914599609375,9.730413436889648,0.8638089895248413,0.26201409101486206
1659029069188816000,2.53881591796875,9.65384292602539,1.0683952569961548,0.09212367236614227
1659029069198485800,2.54848583984375,9.667003631591797,0.9020941257476807,-0.37926238775253296
1659029069208155400,2.5581552734375,9.896714210510254,0.9798609018325806,-0.25004997849464417
1659029069217825300,2.5678251953125,9.797411918640137,1.0253244638442993,-0.32183465361595154
1659029069227495200,2.5774951171875,9.743574142456055,0.6149554252624512,0.04426721855998039
1659029069237164800,2.587164794921875,9.476774215698242,0.6640082597732544,0.41874396800994873
1659029069246834700,2.596834716796875,9.961320877075195,0.33020952343940735,0.4977070987224579
1659029069256504600,2.606504638671875,10.066604614257812,1.0193424224853516,-0.11485548317432404
1659029069266174200,2.61617431640625,9.524630546569824,0.6915257573127747,0.15553347766399384
1659029069275844000,2.625843994140625,9.487542152404785,0.6939185857772827,0.32542386651039124
1659029069285514000,2.635513916015625,10.086943626403809,0.698704183101654,0.44386860728263855
1659029069295183600,2.64518359375,9.934999465942383,0.5551348328590393,0.3206382393836975
1659029069304853500,2.654853515625,9.756733894348145,0.3840480446815491,0.2356930375099182
1659029069314523400,2.6645234375,9.730413436889648,0.3756731450557709,0.4570291340351105
1659029069324193000,2.674193115234375,10.063015937805176,0.47617170214653015,0.3206382393836975
1659029069333863000,2.68386279296875,9.591629981994629,0.40319061279296875,0.39122650027275085
1659029069343532500,2.693532470703125,9.839286804199219,0.3278166949748993,0.2967100143432617
1659029069353202400,2.703202392578125,9.779465675354004,0.3924229145050049,-0.0933200865983963
1659029069362872300,2.712872314453125,9.745966911315918,0.11126625537872314,-0.1339980661869049
1659029069372542200,2.722542236328125,9.999606132507324,0.7740781307220459,0.013160524889826775
1659029069382211800,2.7322119140625,9.747162818908691,0.7872386574745178,-0.10767702013254166
1659029069391881700,2.7418818359375,9.720842361450195,0.46899324655532837,0.14835500717163086
1659029069401551600,2.751551513671875,9.93978500366211,0.6807580590248108,0.05742774158716202
1659029069411221200,2.76122119140625,9.926624298095703,0.7704889178276062,-0.09571290761232376
1659029069420891100,2.77089111328125,9.394221305847168,0.592223584651947,-0.04187439754605293
1659029069430560800,2.780560791015625,9.735198974609375,0.5180460810661316,-0.0023928226437419653
1659029069440230700,2.790230712890625,9.760323524475098,0.44745782017707825,-0.22013968229293823
1659029069449900500,2.799900634765625,10.040284156799316,0.2763710021972656,-0.0023928226437419653
1659029069459570400,2.8095703125,9.812965393066406,0.27756741642951965,0.15553347766399384
1659029069469240000,2.819239990234375,9.616754531860352,0.20578274130821228,0.33020952343940735
1659029069478910000,2.828909912109375,10.054640769958496,-0.17228323221206665,0.5324030518531799
1659029069488579800,2.838579833984375,9.546165466308594,0.17228323221206665,0.6855437159538269
1659029069498249500,2.84824951171875,9.77826976776123,-0.11006984114646912,0.17706887423992157
1659029069507919400,2.85791943359375,9.964909553527832,0.005982056725770235,0.14715859293937683
1659029069517589000,2.867589111328125,9.832108497619629,0.12323036789894104,-0.039481572806835175
1659029069527259000,2.8772587890625,9.964909553527832,-0.03349951654672623,0.0323031060397625
1659029069536928800,2.8869287109375,9.749555587768555,0.09810572862625122,0.4749752879142761
1659029069546598400,2.896598388671875,9.591629981994629,-0.2883351147174835,0.778863787651062
1659029069556268300,2.906268310546875,9.862018585205078,-0.22013968229293823,0.9320043921470642
1659029069565938200,2.915938232421875,9.978070259094238,-0.04307080805301666,0.5563312768936157
1659029069575608000,2.925608154296875,9.546165466308594,0.26560330390930176,0.2871387302875519
1659029069585277700,2.935277587890625,10.000802040100098,0.15912270545959473,-0.05024927482008934
1659029069594947600,2.944947509765625,9.838089942932129,0.3026920557022095,-0.05144568532705307
1659029069604617200,2.9546171875,9.742377281188965,0.4342973232269287,0.1423729509115219
1659029069614287000,2.964287109375,9.479166984558105,0.3529413342475891,-0.07178468257188797
1659029069623957000,2.97395703125,9.991230964660645,0.2189432680606842,-0.13160525262355804
1659029069633626600,2.983626708984375,9.9409818649292,0.5156532526016235,-0.04666004329919815
1659029069643296500,2.993296630859375,9.796216011047363,0.1866401731967926,-0.06580262631177902
1659029069652966400,3.00296630859375,9.562915802001953,0,-0.06819544732570648
1659029069662636000,3.012635986328125,9.908679008483887,-0.07657032459974289,-0.10648060590028763
1659029069672306000,3.022305908203125,9.749555587768555,0.02751746028661728,0.1052841991186142
1659029069681975800,3.031975830078125,9.864411354064941,-0.12801600992679596,-0.04666004329919815
1659029069691645400,3.0416455078125,9.852447509765625,-0.11844471842050552,-0.20338992774486542
1659029069701315300,3.0513154296875,9.814162254333496,0.05144568532705307,-0.15074782073497772
1659029069710985200,3.060985107421875,9.696913719177246,0.35533416271209717,-0.4043870270252228
1659029069720654800,3.07065478515625,9.838089942932129,0.28115665912628174,-0.5467599630355835
1659029069730324700,3.08032470703125,9.480362892150879,0.7322037220001221,-0.17228323221206665
1659029069739994600,3.08999462890625,10.108479499816895,0.35413774847984314,-0.009571290574967861
1659029069749664300,3.099664306640625,9.640682220458984,0.5000999569892883,0.07058826833963394
1659029069759334100,3.109334228515625,9.858428955078125,0.7334001660346985,-0.06939185410737991
1659029069769003800,3.119003662109375,9.639486312866211,0.4127618968486786,-0.17228323221206665
1659029069778674000,3.128673828125,10.01874828338623,0.7357929348945618,-0.04187439754605293
1659029069788343600,3.138343505859375,9.818947792053223,0.833898663520813,-0.02871387079358101
1659029069798013400,3.148013427734375,9.745966911315918,0.714257538318634,-0.20937198400497437
1659029069807683000,3.15768310546875,9.69930648803711,0.6293123364448547,-0.32542386651039124
1659029069817353000,3.16735302734375,10.063015937805176,0.9619147181510925,-0.24406790733337402
1659029069827022800,3.17702294921875,9.439684867858887,1.0683952569961548,-0.22133609652519226
1659029069836692500,3.1866923828125,9.913464546203613,0.36251261830329895,-0.12203395366668701
1659029069846362400,3.1963623046875,9.76989459991455,0.9427721500396729,-0.31345975399017334
1659029069856032300,3.2060322265625,9.693324089050293,0.5060819983482361,0.005982056725770235
1659029069865702000,3.215701904296875,9.714859962463379,0.550349235534668,0.13280165195465088
1659029069875371800,3.225371826171875,9.857233047485352,0.6125625967979431,0.059820566326379776
1659029069885041700,3.235041748046875,9.597611427307129,0.5826523303985596,0.24167509377002716
1659029069894711300,3.244711181640625,9.522237777709961,0.363709032535553,0.18783657252788544
1659029069904381200,3.254381103515625,10.161121368408203,0.9511470198631287,0.38285163044929504
1659029069914051000,3.264051025390625,9.643074989318848,0.4630111753940582,0.6652047038078308
1659029069923720700,3.273720703125,10.17308521270752,0.7166503667831421,0.3577269911766052
1659029069933390600,3.283390625,9.710074424743652,0.6628118753433228,0.537188708782196
1659029069943060500,3.293060546875,9.857233047485352,0.7250252366065979,0.3696911036968231
1659029069952730000,3.302730224609375,9.471988677978516,1.0432707071304321,0.35892340540885925
1659029069962400000,3.31239990234375,9.439684867858887,1.2442678213119507,0.38763725757598877
1659029069972069600,3.322069580078125,9.308079719543457,1.0085747241973877,0.31824541091918945
1659029069981739500,3.331739501953125,9.308079719543457,0.7980063557624817,0.47258245944976807
1659029069991409400,3.341409423828125,9.891928672790527,0.6029912829399109,0.6556333899497986
1659029070001079300,3.351079345703125,9.738788604736328,0.9690931439399719,0.31106695532798767
1659029070010749000,3.3607490234375,9.789037704467773,0.9152546525001526,0.06819544732570648
1659029070020418800,3.370418701171875,10.155138969421387,0.5228317379951477,-0.13160525262355804
1659029070030088700,3.380088623046875,9.31884765625,0.8195417523384094,-0.2715853750705719
1659029070039758300,3.38975830078125,9.976874351501465,0.5060819983482361,-0.25363919138908386
1659029070049428200,3.39942822265625,9.541379928588867,0.15912270545959473,-0.1698904037475586
1659029070059097900,3.409097900390625,10.03549861907959,-0.21774685382843018,0.005982056725770235
1659029070068767700,3.418767822265625,9.994820594787598,0.2476571500301361,0.33020952343940735
1659029070078437600,3.428437744140625,9.430113792419434,0.46779683232307434,0.17228323221206665
1659029070088107500,3.438107421875,9.790233612060547,-0.04666004329919815,0.07896314561367035
1659029070097777200,3.447777099609375,9.751948356628418,0.41515472531318665,0.08135596662759781
1659029070107447000,3.457447021484375,9.757930755615234,-0.10169496387243271,-0.22612173855304718
1659029070117117000,3.467116943359375,10.198209762573242,0.09810572862625122,0.003589233849197626
1659029070126786600,3.47678662109375,9.626325607299805,-0.4414757788181305,-0.08255238085985184
1659029070136456400,3.48645654296875,9.675378799438477,-0.4654040038585663,0.2225325107574463
1659029070146126000,3.4961259765625,9.44447135925293,0.019142581149935722,0.1052841991186142
1659029070155796000,3.5057958984375,9.961320877075195,0.30628129839897156,-0.1136590763926506
1659029070165465900,3.5154658203125,9.92423152923584,0.3074777126312256,-0.1950150430202484
1659029070175135500,3.525135498046875,9.628718376159668,0.07178468257188797,-0.15553347766399384
1659029070184805400,3.534805419921875,10.088140487670898,0.3361915946006775,-0.22612173855304718
1659029070194475300,3.544475341796875,9.741181373596191,0.4223332107067108,-0.4091726839542389
1659029070204145200,3.554145263671875,9.620343208312988,-0.06699903309345245,-0.19621145725250244
1659029070213814800,3.563814697265625,9.614361763000488,0.2225325107574463,-0.17108681797981262
1659029070223484700,3.573484619140625,9.871589660644531,-0.09212367236614227,0.029910283163189888
1659029070233154300,3.583154296875,9.90149974822998,-0.4462614357471466,0.17946170270442963
1659029070242824200,3.59282421875,9.798608779907227,-0.2392822653055191,-0.061016976833343506
1659029070252494000,3.602494140625,9.90269660949707,-0.12921242415905,-0.24167509377002716
1659029070262163700,3.612163818359375,9.602396965026855,-0.14715859293937683,-0.3170489966869354
1659029070271833600,3.62183349609375,9.996016502380371,0.20817556977272034,0.02153540402650833
1659029070281503500,3.63150341796875,9.6466646194458,-0.14715859293937683,-0.06340979784727097
1659029070291173400,3.64117333984375,9.716055870056152,0.33499518036842346,0.1579262912273407
1659029070300843000,3.650843017578125,9.69930648803711,0.08015955984592438,-0.037088751792907715
1659029070310513000,3.660512939453125,9.827322959899902,0.1495514214038849,0.1746760457754135
1659029070320182500,3.6701826171875,9.834501266479492,-0.05024927482008934,-0.007178467698395252
1659029070329852400,3.679852294921875,9.632308006286621,-0.061016976833343506,-0.14117653667926788
1659029070339522300,3.689522216796875,9.957731246948242,0.39481574296951294,-0.07178468257188797
1659029070349192000,3.69919189453125,9.766305923461914,0.12203395366668701,-0.4223332107067108
1659029070358861800,3.70886181640625,10.039087295532227,0.26081767678260803,-0.31345975399017334
1659029070368531700,3.71853173828125,9.608379364013672,0.28235307335853577,0.19381862878799438
1659029070378201600,3.72820166015625,9.820143699645996,0.5623133182525635,0.23449662327766418
1659029070387871200,3.737871337890625,9.857233047485352,0.3278166949748993,0.6699903607368469
1659029070397541000,3.747541015625,9.968499183654785,1.1940184831619263,0.28594231605529785
1659029070407211000,3.7572109375,9.628718376159668,1.0289137363433838,0.2356930375099182
1659029070416880600,3.766880615234375,10.522438049316406,0.9104689955711365,0.5862415432929993
1659029070426550500,3.776550537109375,7.550551891326904,1.8616160154342651,0.039481572806835175
1659029070436220200,3.78622021484375,11.483156204223633,1.1042876243591309,0.09690931439399719
1659029070445890000,3.79589013671875,8.679964065551758,1.195214867591858,0.15314064919948578
1659029070455560000,3.805559814453125,9.912267684936523,0.3601198196411133,0.2715853750705719
1659029070465229600,3.8152294921875,9.729216575622559,0.29431718587875366,0.21296121180057526
1659029070474899500,3.8248994140625,10.029516220092773,0.18065811693668365,0.18305093050003052
1659029070484569300,3.8345693359375,9.645467758178711,0.12083754688501358,0.02273181453347206
1659029070494239200,3.8442392578125,9.853643417358398,-0.18065811693668365,0
1659029070503908900,3.853908935546875,9.454042434692383,-0.02392822690308094,0.059820566326379776
1659029070513578800,3.863578857421875,10.255638122558594,0.5084748268127441,-0.11844471842050552
1659029070523248400,3.873248291015625,9.548559188842773,0.010767702013254166,-0.20458634197711945
1659029070532918300,3.882918212890625,9.589237213134766,0.0323031060397625,-0.15912270545959473
1659029070542588200,3.892588134765625,9.7998046875,0.11724831163883209,-0.1543370634317398
1659029070552257800,3.9022578125,9.810572624206543,-0.04785645380616188,-0.1495514214038849
1659029070561927700,3.911927734375,9.969695091247559,-0.28115665912628174,-0.3002992272377014
1659029070571597600,3.92159765625,9.822537422180176,0.031106693670153618,-0.14835500717163086
1659029070581267500,3.931267333984375,9.708877563476562,-0.5635097622871399,0.05503492057323456
1659029070590937000,3.94093701171875,9.881160736083984,-0.13998012244701385,0.5180460810661316
1659029070600607000,3.95060693359375,9.518648147583008,0.11246266216039658,0.50129634141922
1659029070610276600,3.960276611328125,10.114460945129395,-0.13878370821475983,0.6317051649093628
1659029070619946500,3.969946533203125,9.76391315460205,0.3026920557022095,-0.24406790733337402
1659029070629616400,3.979616455078125,10.238887786865234,0.11605189740657806,-0.25244277715682983
1659029070639286000,3.9892861328125,8.874979019165039,0.3517449200153351,-0.37926238775253296
1659029070648956000,3.998955810546875,11.304890632629395,-0.22971096634864807,0.15194423496723175
1659029070658625800,4.008625732421875,8.344968795776367,0.1136590763926506,0.1746760457754135
1659029070668295700,4.018295654296875,8.909674644470215,0.3242274820804596,0.27756741642951965
1659029070677965300,4.02796533203125,11.516654968261719,-0.4366901218891144,0.11964113265275955
1659029070687635200,4.03763525390625,11.528619766235352,0.49651068449020386,0.9858429431915283
1659029070697304800,4.047304931640625,6.208178520202637,0.7034898400306702,0.33499518036842346
1659029070706974700,4.056974609375,10.243673324584961,-0.18903298676013947,0.3445664644241333
1659029070716644600,4.06664453125,12.935599327087402,0.8614161610603333,0.13998012244701385
1659029070726314200,4.076314208984375,6.283552169799805,1.4105689525604248,0.013160524889826775
1659029070735984000,4.085984130859375,11.737991333007812,0.5204389095306396,-0.6364908218383789
1659029070745654000,4.095654052734375,7.767102241516113,1.9310078620910645,-0.41994038224220276
1659029070755324000,4.105323974609375,11.25344467163086,1.3878371715545654,-0.20817556977272034
1659029070764993500,4.11499365234375,10.077372550964355,1.8807586431503296,-0.19142581522464752
1659029070774663400,4.124663330078125,8.421539306640625,1.2442678213119507,0.14715859293937683
1659029070784333000,4.1343330078125,9.387042999267578,1.25144624710083,-0.05144568532705307
1659029070794003000,4.1440029296875,12.005987167358398,1.384247899055481,1.1174482107162476
1659029070803672800,4.1536728515625,6.959524631500244,1.290927767753601,0.4534398913383484
1659029070813342500,4.163342529296875,13.3770751953125,1.5696916580200195,0.23688943684101105
1659029070823012400,4.173012451171875,6.604190349578857,1.568495273590088,-0.31106695532798767
1659029070832682200,4.18268212890625,10.794022560119629,1.856830358505249,-0.7369893789291382
1659029070842352000,4.19235205078125,11.60279655456543,2.093719720840454,-1.3710874319076538
1659029070852021800,4.202021728515625,6.415157318115234,2.056631088256836,-1.2299108505249023
1659029070861691600,4.211691650390625,10.313065528869629,1.730010747909546,-1.3148560523986816
1659029070871361300,4.221361328125,12.89372444152832,1.9022940397262573,-1.5170495510101318
1659029070881031200,4.23103125,8.38684368133545,0.8171489238739014,-0.6819544434547424
1659029070890701000,4.240701171875,7.761120319366455,0.605384111404419,0.34576287865638733
1659029070900370700,4.25037060546875,9.407382011413574,0.6975077986717224,0.28235307335853577
1659029070910040600,4.26004052734375,11.267802238464355,0.19740787148475647,0.6376872062683105
1659029070919710500,4.26971044921875,11.998808860778809,0.1818545162677765,0.03349951654672623
1659029070929380400,4.27938037109375,8.933603286743164,0.09810572862625122,0.8255237936973572
1659029070939050000,4.289050048828125,6.446264266967773,0.6448656916618347,0.3601198196411133
1659029070948719900,4.298719970703125,11.196017265319824,0.6149554252624512,-0.02153540402650833
1659029070958389500,4.308389404296875,13.446466445922852,0.7668996453285217,0.5335994362831116
1659029070968059400,4.318059326171875,9.555737495422363,0.6795616149902344,0.1746760457754135
1659029070977729300,4.327729248046875,6.297909259796143,0.44027936458587646,0.08973085135221481
1659029070987399000,4.33739892578125,7.642675399780273,0.3122633695602417,0.5862415432929993
1659029070997068800,4.34706884765625,12.089735984802246,-0.058624155819416046,0.6448656916618347
1659029071006738700,4.35673876953125,14.410774230957031,0.03349951654672623,1.1258230209350586
1659029071016408600,4.36640869140625,8.889336585998535,-0.5288137793540955,0.49651068449020386
1659029071026078200,4.376078125,4.470989227294922,0.1495514214038849,0.016749758273363113
1659029071035748000,4.385748046875,10.296316146850586,-0.30149564146995544,0.6245267391204834
1659029071045418000,4.39541796875,14.761322975158691,0.3936193287372589,-0.39122650027275085
1659029071055087600,4.405087646484375,7.444071292877197,0.1579262912273407,-0.009571290574967861
1659029071064757500,4.414757568359375,5.6446685791015625,0.19621145725250244,0.28115665912628174
1659029071074427100,4.42442724609375,14.54955768585205,-0.21415762603282928,-0.37806597352027893
1659029071084097000,4.434096923828125,11.568100929260254,-0.259621262550354,-0.0729810893535614
1659029071093767000,4.443766845703125,4.5822553634643555,0.3768695592880249,0.3517449200153351
1659029071103436800,4.453436767578125,12.482159614562988,-0.07058826833963394,0.6364908218383789
1659029071113106400,4.4631064453125,9.907482147216797,1.4333007335662842,-0.7501499056816101
1659029071122776300,4.4727763671875,7.289734363555908,1.1736794710159302,0.008374879136681557
1659029071132446200,4.4824462890625,11.93181037902832,0.10408778488636017,-0.22851456701755524
1659029071142115800,4.49211572265625,8.435895919799805,0.6951149702072144,-0.5742774605751038
1659029071151785700,4.50178564453125,7.984848976135254,0.4163511395454407,0.7154539823532104
1659029071161455600,4.51145556640625,13.684553146362305,-0.5670989751815796,0.14117653667926788
1659029071171125200,4.521125244140625,8.634500503540039,0.4007977843284607,-0.363709032535553
1659029071180795100,4.530795166015625,7.805387496948242,0.5335994362831116,1.100698471069336
1659029071190465000,4.540465087890625,12.339786529541016,0.3242274820804596,-0.12681959569454193
1659029071200134700,4.550134765625,7.134200572967529,1.1736794710159302,-0.7680960893630981
1659029071209804500,4.559804443359375,8.951549530029297,1.275374412536621,-0.21176479756832123
1659029071219474400,4.569474365234375,13.231112480163574,0.5694918036460876,-0.714257538318634
1659029071229144000,4.57914404296875,7.112665176391602,1.1030912399291992,-0.898504912853241
1659029071238814000,4.58881396484375,11.251051902770996,0.5599204897880554,-0.22013968229293823
1659029071248483800,4.59848388671875,11.118250846862793,-0.09212367236614227,0.008374879136681557
1659029071258153500,4.608153564453125,6.628118515014648,0.6340979933738708,-0.07537391036748886
1659029071267823400,4.6178232421875,11.379068374633789,-0.03349951654672623,0.6927221417427063
1659029071277493200,4.6274931640625,9.090332984924316,0.28953152894973755,0.13639089465141296
1659029071287163000,4.637162841796875,8.0291166305542,1.3567304611206055,-0.2871387302875519
1659029071296832800,4.646832763671875,12.038290977478027,1.3304094076156616,-0.6592226624488831
1659029071306502700,4.656502685546875,7.34476900100708,1.1593226194381714,-0.4630111753940582
1659029071316172300,4.66617236328125,8.8438720703125,2.273181438446045,-0.6281159520149231
1659029071325842200,4.67584228515625,12.20937728881836,1.903490424156189,-0.7094719409942627
1659029071335512000,4.685511962890625,8.593822479248047,1.7838492393493652,-0.23688943684101105
1659029071345181700,4.695181640625,7.544569969177246,1.970489501953125,-0.8183453679084778
1659029071354851600,4.7048515625,10.789237022399902,2.6775684356689453,-0.47258245944976807
1659029071364521500,4.714521484375,10.378868103027344,1.3770694732666016,0.08015955984592438
1659029071374191000,4.724191162109375,8.940781593322754,0.8925228714942932,-0.3326023519039154
1659029071383861000,4.733861083984375,9.448060035705566,0.44745782017707825,-0.24047867953777313
1659029071393531000,4.74353076171875,9.10229778289795,0.4666004180908203,-0.7501499056816101
1659029071403200800,4.75320068359375,9.07717227935791,1.00259268283844,-0.44745782017707825
1659029071412870400,4.762870361328125,11.23789119720459,0.8219345808029175,-0.7345965504646301
1659029071422540300,4.772540283203125,11.755937576293945,0.849452018737793,-0.2955136001110077
1659029071432210000,4.7822099609375,10.092926025390625,-0.3684946894645691,0.22372891008853912
1659029071441879800,4.7918798828125,8.642875671386719,-0.30628129839897156,0.2021935135126114
1659029071451549700,4.8015498046875,10.329814910888672,-0.8685946464538574,0.9367900490760803
1659029071461219300,4.81121923828125,9.34277629852295,-0.6245267391204834,0.8027920126914978
1659029071470889200,4.82088916015625,9.605986595153809,-0.16749759018421173,1.3112667798995972
1659029071480559000,4.83055908203125,11.018948554992676,-0.4211367964744568,1.8532410860061646
1659029071490229000,4.84022900390625,9.116654396057129,-0.28115665912628174,1.2957134246826172
1659029071499898600,4.849898681640625,8.624929428100586,-0.49651068449020386,1.2454642057418823
1659029071509568500,4.859568603515625,10.73420238494873,0.3361915946006775,1.397408366203308
1659029071519238400,4.86923828125,10.141979217529297,0.8207381963729858,1.1676974296569824
1659029071528908000,4.878907958984375,8.45743179321289,-0.8135597109794617,1.3902299404144287
1659029071538578000,4.888577880859375,11.154142379760742,0.12203395366668701,0.9930213689804077
1659029071548247800,4.898247802734375,10.03549861907959,-0.38285163044929504,1.5517455339431763
1659029071557917400,4.90791748046875,6.7692952156066895,-1.0995019674301147,0.760917603969574
1659029071567587300,4.91758740234375,13.569697380065918,-1.5948163270950317,1.950150489807129
1659029071577257200,4.92725732421875,6.2775702476501465,-2.0159530639648438,0.7393822073936462
1659029071586926800,4.9369267578125,12.17109203338623,-1.5397813320159912,0.7094719409942627
1659029071596596700,4.9465966796875,9.372686386108398,-2.080559253692627,0.059820566326379776
1659029071606266600,4.9562666015625,10.910075187683105,-0.6807580590248108,0.09810572862625122
1659029071615936300,4.965936279296875,6.819544315338135,-1.022931694984436,-0.5515456199645996
1659029071625606100,4.975606201171875,12.265608787536621,0.2715853750705719,0.364905446767807
1659029071635276000,4.985276123046875,7.672585964202881,-0.5587241053581238,-1.195214867591858
1659029071644945700,4.994945556640625,12.798011779785156,-0.41874396800994873,0.9547362327575684
1659029071654615600,5.004615478515625,7.769495010375977,-0.27397820353507996,-0.38763725757598877
1659029071664285400,5.014285400390625,8.827122688293457,-0.9667003750801086,-0.25722843408584595
1659029071673955000,5.023955078125,12.605389595031738,0.09212367236614227,-0.07058826833963394
1659029071683625000,5.033625,8.451449394226074,0.1818545162677765,-1.2837493419647217
1659029071693294800,5.043294921875,8.81515884399414,-0.2991028428077698,-0.16031911969184875
1659029071702964700,5.05296484375,11.827722549438477,0.11126625537872314,0.5970092415809631
1659029071712634400,5.06263427734375,8.786444664001465,0.2907279431819916,-0.19621145725250244
1659029071722304300,5.07230419921875,8.693124771118164,-0.16510476171970367,0.8135597109794617
1659029071731974000,5.081973876953125,11.749955177307129,0.059820566326379776,0.7692924737930298
1659029071741643800,5.091643798828125,9.117850303649902,0.6496513485908508,0.0011964113218709826
1659029071751313700,5.101313720703125,7.501499176025391,0.2476571500301361,-0.33858439326286316
1659029071760983300,5.1109833984375,13.23829174041748,0.24406790733337402,1.1174482107162476
1659029071770653200,5.120653076171875,8.702695846557617,-0.13519448041915894,0.27038896083831787
1659029071780323000,5.130322998046875,8.85942554473877,0.8446664214134216,0.8554341197013855
1659029071789993000,5.139992919921875,9.072386741638184,0.8111668825149536,0.0526420995593071
1659029071799662600,5.14966259765625,11.854043006896973,1.2741780281066895,0.7381857633590698
1659029071809332500,5.15933251953125,8.970691680908203,0.9379864931106567,0.4582255482673645
1659029071819002000,5.169002197265625,9.308079719543457,0.6113662123680115,0.6448656916618347
1659029071828672000,5.178672119140625,10.703095436096191,0.776470959186554,0.33858439326286316
1659029071838342000,5.188341796875,8.657232284545898,0.763310432434082,-0.3290131092071533
1659029071848011800,5.19801171875,9.722038269042969,-0.17587246000766754,-0.0323031060397625
1659029071857681400,5.207681396484375,11.544173240661621,0.46061834692955017,1.4261223077774048
1659029071867351300,5.217351318359375,8.432307243347168,-0.4414757788181305,0.8003991842269897
1659029071877021200,5.227021240234375,9.821340560913086,0.8099704384803772,0.5910272002220154
1659029071886690800,5.23669091796875,10.186245918273926,0.12083754688501358,-0.2632105052471161
1659029071896360700,5.246360595703125,9.952945709228516,0.48813581466674805,-0.2883351147174835
1659029071906030600,5.256030517578125,9.828518867492676,0.7992027401924133,-0.11724831163883209
1659029071915700500,5.265700439453125,8.301898002624512,0.8039883971214294,-0.5204389095306396
1659029071925370000,5.2753701171875,11.58126163482666,0.6173482537269592,0.2548356056213379
1659029071935040000,5.2850400390625,9.150154113769531,0.7417750358581543,-0.6125625967979431
1659029071944709600,5.294709716796875,9.287740707397461,0.5754738450050354,-0.1543370634317398
1659029071954379500,5.304379638671875,10.494919776916504,0.4654040038585663,-0.5240281820297241
1659029071964049400,5.31404931640625,9.475577354431152,0.12203395366668701,0.2955136001110077
1659029071973719000,5.323718994140625,8.884550094604492,-0.005982056725770235,0.4749752879142761
1659029071983389000,5.333388916015625,11.703295707702637,-0.9966106414794922,0.9762716293334961
1659029071993058800,5.343058837890625,8.305487632751465,0.009571290574967861,0.7597211599349976
1659029072002728700,5.352728759765625,10.052248001098633,0.010767702013254166,0.31106695532798767
1659029072012398300,5.3623984375,10.652846336364746,0.34576287865638733,-0.2560320198535919
1659029072022068200,5.372068115234375,9.175278663635254,1.2741780281066895,-0.9643075466156006
1659029072031737900,5.38173779296875,9.689735412597656,0.9978070259094238,-0.6580262184143066
1659029072041407700,5.39140771484375,9.495916366577148,0.7537391185760498,-1.0911271572113037
1659029072051077600,5.40107763671875,10.186245918273926,0.46899324655532837,-0.12203395366668701
1659029072060747500,5.41074755859375,9.442078590393066,0.02632104977965355,-0.07058826833963394
1659029072070417200,5.420417236328125,9.503094673156738,0.9296116232872009,0.26201409101486206
1659029072080087000,5.430087158203125,8.903693199157715,-0.8614161610603333,0.31465616822242737
1659029072089757000,5.4397568359375,11.854043006896973,0.9248259663581848,0.14117653667926788
1659029072099426600,5.449426513671875,8.365307807922363,0.6364908218383789,-0.6329016089439392
1659029072109096400,5.459096435546875,11.277373313903809,0.06340979784727097,-0.33379876613616943
1659029072118766300,5.468766357421875,8.886942863464355,0.9032905697822571,0.259621262550354
1659029072128436000,5.47843603515625,9.255437850952148,0.7800601720809937,-0.2069791555404663
1659029072138105900,5.48810595703125,10.612168312072754,0.25722843408584595,0.5718846321105957
1659029072147775700,5.497775634765625,9.578469276428223,0.3852444589138031,0.24526432156562805
1659029072157445400,5.5074453125,9.556933403015137,0.36610186100006104,0.711864709854126
1659029072167115300,5.517115234375,9.991230964660645,-0.02153540402650833,0.5060819983482361
1659029072176785200,5.52678515625,9.471988677978516,1.1928220987319946,0.13639089465141296
1659029072186455000,5.536455078125,10.130014419555664,-0.5659025311470032,0.3577269911766052
1659029072196124700,5.546124755859375,9.556933403015137,0.6029912829399109,-0.10169496387243271
1659029072205794600,5.555794677734375,10.29751205444336,0.08853443711996078,-0.08255238085985184
1659029072215464200,5.565464111328125,9.613164901733398,0.50129634141922,-0.698704183101654
1659029072225134000,5.575134033203125,9.873982429504395,0.18424734473228455,-0.7465606927871704
1659029072234804000,5.584803955078125,10.036694526672363,0.0023928226437419653,-0.26201409101486206
1659029072244473600,5.5944736328125,9.358329772949219,-0.1052841991186142,0.4055834412574768
1659029072254143500,5.6041435546875,9.365508079528809,0.2955136001110077,0.020338991656899452
1659029072263813400,5.6138134765625,10.378868103027344,0.24406790733337402,0.16151553392410278
1659029072273483300,5.623483154296875,9.607182502746582,0.2356930375099182,-0.24526432156562805
1659029072283153000,5.63315283203125,9.90269660949707,1.2478569746017456,-0.6065805554389954
1659029072292822800,5.64282275390625,9.750752449035645,0.24406790733337402,-0.6520441770553589
1659029072302492700,5.65249267578125,9.868000984191895,0.5611169338226318,0.1902294009923935
1659029072312162600,5.66216259765625,9.840482711791992,-0.1579262912273407,0.6125625967979431
1659029072321832200,5.671832275390625,10.394421577453613,-0.02273181453347206,1.1078768968582153
1659029072331502000,5.681502197265625,9.136993408203125,0.02153540402650833,0.8255237936973572
1659029072341171700,5.691171630859375,9.731609344482422,0.4426721930503845,0.7896314859390259
1659029072350841600,5.700841552734375,9.395418167114258,-0.15672987699508667,0.275174617767334
1659029072360511500,5.710511474609375,10.198209762573242,0.6687939167022705,-0.3397808074951172
1659029072370181000,5.72018115234375,9.839286804199219,0.2835494875907898,-0.4570291340351105
1659029072379851000,5.72985107421875,10.15872859954834,0.4139583110809326,-0.5335994362831116
1659029072389521000,5.73952099609375,9.845269203186035,1.2346965074539185,-0.6556333899497986
1659029072399190800,5.749190673828125,9.223134994506836,0.7345965504646301,-0.09092725813388824
1659029072408860400,5.7588603515625,9.77109146118164,1.1282159090042114,0.12801600992679596
1659029072418530300,5.7685302734375,9.975677490234375,1.2394821643829346,-0.21176479756832123
1659029072428200000,5.778199951171875,9.713663101196289,0.09810572862625122,-0.8207381963729858
1659029072437869800,5.787869873046875,10.096514701843262,0.9726824164390564,-0.2967100143432617
1659029072447539700,5.797539794921875,8.896514892578125,1.0109676122665405,-0.3038884699344635
1659029072457209600,5.807209716796875,10.201799392700195,-0.008374879136681557,-0.5491527915000916
1659029072466879200,5.816879150390625,9.7998046875,-0.11006984114646912,0.3756731450557709
1659029072476549000,5.826549072265625,9.56650447845459,0.7489534616470337,0.3517449200153351
1659029072486219000,5.836218994140625,9.982855796813965,0.4127618968486786,-0.3613162338733673
1659029072495888600,5.845888671875,10.031908988952637,0.08015955984592438,0.2835494875907898
1659029072505558500,5.85555859375,9.617950439453125,1.0719845294952393,0.882951557636261
1659029072515228400,5.865228515625,9.78664493560791,0.2763710021972656,0.5587241053581238
1659029072524898000,5.87489794921875,9.926624298095703,0.9643075466156006,0.8398807644844055
1659029072534568000,5.88456787109375,9.57607650756836,0.5252245664596558,0.5467599630355835
1659029072544237800,5.89423779296875,9.915857315063477,1.5553346872329712,-0.24287149310112
1659029072553907500,5.903907470703125,9.938589096069336,1.2538390159606934,-0.26081767678260803
1659029072563577300,5.913577392578125,9.616754531860352,1.2562319040298462,-0.1746760457754135
1659029072573247200,5.923247314453125,9.930213928222656,0.1818545162677765,0.519242525100708
1659029072582917000,5.932917236328125,9.67777156829834,0.7992027401924133,0.5778666734695435
1659029072592586800,5.942586669921875,9.863214492797852,0.22492532432079315,0.42711883783340454
1659029072602256600,5.952256591796875,9.860821723937988,0.5982056856155396,0.364905446767807
1659029072611926500,5.961926513671875,9.564111709594727,0.7872386574745178,0.10049854964017868
1659029072621596200,5.97159619140625,9.866804122924805,0.5216353535652161,-0.12442677468061447
1659029072631266000,5.98126611328125,9.783055305480957,0.9786644577980042,-0.28594231605529785
1659029072640936000,5.99093603515625,9.76391315460205,0.5395814776420593,-0.4701896607875824
1659029072650605600,6.00060546875,9.775876998901367,0.9966106414794922,-0.3433700501918793
1659029072660275500,6.010275390625,9.795019149780273,0.9343972206115723,-0.1495514214038849
1659029072669945300,6.0199453125,9.667003631591797,0.5587241053581238,0.017946170642971992
1659029072679615000,6.029614990234375,9.77707290649414,0.5300102233886719,0.27756741642951965
1659029072689284900,6.039284912109375,9.987641334533691,0.7166503667831421,0.32662028074264526
1659029072698954800,6.048954833984375,9.765109062194824,0.8506484627723694,-0.02153540402650833
1659029072708624600,6.058624755859375,9.820143699645996,0.9702895879745483,-0.38644084334373474
1659029072718294300,6.068294189453125,9.637093544006348,1.384247899055481,-0.727418065071106
1659029072727964200,6.077964111328125,9.836894035339355,1.3543375730514526,-0.5180460810661316
1659029072737633800,6.0876337890625,9.460023880004883,1.195214867591858,-0.851844847202301
1659029072747303700,6.0973037109375,10.15872859954834,0.6317051649093628,0.2835494875907898
1659029072756973600,6.1069736328125,8.787641525268555,0.2919243574142456,0.5168496966362
1659029072766643500,6.1166435546875,10.13479995727539,0.2584248483181,0.7585247755050659
1659029072776313000,6.12631298828125,10.052248001098633,0.6520441770553589,1.0013962984085083
1659029072785983000,6.13598291015625,9.527023315429688,0.9702895879745483,0.07657032459974289
1659029072795652900,6.14565283203125,9.635896682739258,0.672383189201355,-0.4630111753940582
1659029072805322500,6.155322509765625,9.631111145019531,0.5180460810661316,-0.6711867451667786
1659029072814992400,6.164992431640625,10.37647533416748,0.8147560954093933,-0.8398807644844055
1659029072824662300,6.174662353515625,9.33559799194336,0.04187439754605293,0.29431718587875366
1659029072834332000,6.184331787109375,10.03549861907959,-0.06699903309345245,0.849452018737793
1659029072844001800,6.194001708984375,9.584450721740723,0.24167509377002716,0.7920243144035339
1659029072853671700,6.203671630859375,10.176674842834473,-0.19142581522464752,0.5276173949241638
1659029072863341300,6.21334130859375,9.665806770324707,0.6580262184143066,-0.04785645380616188
1659029072873011200,6.22301123046875,9.710074424743652,-0.12921242415905,-0.4378865361213684
1659029072882681000,6.23268115234375,9.621540069580078,0.46420758962631226,-0.6771687865257263
1659029072892351000,6.24235107421875,9.674181938171387,0.18065811693668365,-0.6783652305603027
1659029072902020600,6.2520205078125,9.9409818649292,-0.18903298676013947,-0.4139583110809326
1659029072911690500,6.2616904296875,9.68494987487793,0.592223584651947,-0.4953143000602722
1659029072921360400,6.2713603515625,9.961320877075195,0.6089733839035034,-0.6616154313087463
1659029072931030300,6.2810302734375,9.44327449798584,0.6532405614852905,-0.8075776696205139
1659029072940700000,6.290699951171875,9.725627899169922,0.9260223507881165,-0.6843472719192505
1659029072950369800,6.300369873046875,10.03549861907959,0.8171489238739014,-0.882951557636261
1659029072960039400,6.310039306640625,10.654043197631836,0.7334001660346985,-0.27756741642951965
1659029072969709300,6.319709228515625,8.81515884399414,0.35054850578308105,-0.17946170270442963
1659029072979379200,6.329379150390625,10.14317512512207,0.09571290761232376,0.4737788736820221
1659029072989049000,6.339049072265625,9.312865257263184,0.3565305769443512,0.6424728631973267
1659029072998718700,6.34871875,10.001998901367188,-0.09571290761232376,0.49172505736351013
1659029073008388600,6.358388671875,9.492327690124512,0.14356936514377594,0.6269195079803467
1659029073018058500,6.36805859375,9.65384292602539,-0.019142581149935722,0.4953143000602722
1659029073027728100,6.37772802734375,10.084550857543945,0.7250252366065979,0.12801600992679596
1659029073037398000,6.38739794921875,9.963713645935059,0.3720839321613312,0.0023928226437419653
1659029073047068000,6.39706787109375,9.608379364013672,-0.16510476171970367,0.1902294009923935
1659029073056737500,6.406737548828125,9.768698692321777,0.4737788736820221,0.16390834748744965
1659029073066407400,6.416407470703125,9.833304405212402,0.42711883783340454,0.037088751792907715
1659029073076077300,6.426077392578125,9.810572624206543,0.7202396392822266,0.24526432156562805
1659029073085747000,6.435746826171875,10.231709480285645,0.43549370765686035,-0.4055834412574768
1659029073095416800,6.445416748046875,9.008976936340332,1.1928220987319946,-0.14117653667926788
1659029073105086700,6.455086669921875,10.551151275634766,0.8410771489143372,-0.2392822653055191
1659029073114756600,6.464756591796875,9.152546882629395,0.729810893535614,-0.02153540402650833
1659029073124426200,6.47442626953125,10.085747718811035,0.8255237936973572,-0.1986042857170105
1659029073134096100,6.48409619140625,9.994820594787598,0.5276173949241638,-0.009571290574967861
1659029073143765800,6.493765869140625,10.409975051879883,1.069591760635376,-0.016749758273363113
1659029073153435600,6.503435546875,8.947959899902344,0.5132604837417603,-0.3613162338733673
1659029073163105500,6.51310546875,9.521040916442871,0.9391828775405884,0.003589233849197626
1659029073172775400,6.522775390625,10.222138404846191,0.8147560954093933,-0.1256231814622879
1659029073182445000,6.532445068359375,10.012765884399414,-0.16390834748744965,0.02751746028661728
1659029073192115000,6.542114990234375,9.449256896972656,0.5156532526016235,0.6867401003837585
1659029073201784800,6.551784912109375,9.768698692321777,0.04785645380616188,1.2430713176727295
1659029073211454700,6.561454833984375,9.719645500183105,0.02153540402650833,1.3100703954696655
1659029073221124400,6.571124267578125,9.53061294555664,0.7334001660346985,0.898504912853241
1659029073230794200,6.580794189453125,10.506884574890137,0.4785645306110382,0.32303106784820557
1659029073240464100,6.590464111328125,9.878767967224121,0.7848458290100098,-0.08255238085985184
1659029073250133800,6.6001337890625,10.007980346679688,1.0995019674301147,-0.5599204897880554
1659029073259803600,6.6098037109375,9.083154678344727,0.5180460810661316,-0.5682953596115112
1659029073269473500,6.6194736328125,8.997013092041016,0.9403793215751648,-0.064606212079525
1659029073279143200,6.62914306640625,10.078569412231445,0.5132604837417603,0.04187439754605293
1659029073288813000,6.63881298828125,10.39202880859375,-0.30987054109573364,0.5982056856155396
1659029073298483000,6.64848291015625,9.44447135925293,0.534795880317688,0.3194418251514435
1659029073308152600,6.658152587890625,9.91705322265625,0.865005373954773,0.5730810165405273
1659029073317822500,6.667822509765625,9.80817985534668,0.9248259663581848,-0.259621262550354
1659029073327492400,6.677492431640625,9.468399047851562,0.7226324677467346,-0.7860422134399414
1659029073337162200,6.687162353515625,9.835697174072266,0.5479564070701599,-0.6149554252624512
1659029073346832000,6.696831787109375,10.311869621276855,0.7728816866874695,-1.007378339767456
1659029073356501800,6.706501708984375,9.577272415161133,0.015553346835076809,-0.8135597109794617
1659029073366171400,6.71617138671875,9.272188186645508,-0.41156548261642456,-0.794417142868042
1659029073375841300,6.72584130859375,8.956335067749023,-0.5778666734695435,-0.36729827523231506
1659029073385511200,6.73551123046875,10.333404541015625,-0.16869398951530457,-0.1902294009923935
1659029073395181000,6.74518115234375,8.681160926818848,-0.9152546525001526,0.6221339106559753
1659029073404850700,6.7548505859375,10.238887786865234,-0.259621262550354,0.11724831163883209
1659029073414520600,6.7645205078125,10.131211280822754,-0.6293123364448547,0.12801600992679596
1659029073424190500,6.7741904296875,10.1276216506958,-0.09930214285850525,-0.010767702013254166
1659029073433860400,6.7838603515625,10.378868103027344,0.2871387302875519,0.10289137065410614
1659029073443530000,6.793530029296875,10.084550857543945,0.32662028074264526,0.2021935135126114
1659029073453200000,6.803199951171875,10.254441261291504,0.15553347766399384,0.11485548317432404
1659029073462869500,6.812869384765625,8.766105651855469,0.7417750358581543,0.3242274820804596
1659029073472539400,6.822539306640625,10.334601402282715,0.5240281820297241,-0.040677983313798904
1659029073482209300,6.832209228515625,9.120243072509766,0.07178468257188797,0.7154539823532104
1659029073491879200,6.841879150390625,9.56889820098877,0.10408778488636017,0.059820566326379776
1659029073501548800,6.851548828125,10.060623168945312,0.10887342691421509,0.14117653667926788
1659029073511218700,6.86121875,9.555737495422363,0.12921242415905,-0.3888336718082428
1659029073520888600,6.870888671875,9.927821159362793,-0.49292147159576416,-0.2871387302875519
1659029073530558500,6.880558349609375,9.491130828857422,0.5982056856155396,-0.3577269911766052
1659029073540228000,6.89022802734375,10.028319358825684,0.7310073375701904,-0.11006984114646912
1659029073549898000,6.89989794921875,9.595218658447266,0.6795616149902344,-0.2021935135126114
1659029073559568000,6.90956787109375,10.16710376739502,0.5802595019340515,-0.08135596662759781
1659029073569237500,6.919237548828125,9.739984512329102,0.4103690981864929,0.5024927258491516
1659029073578907400,6.928907470703125,9.875179290771484,0.13998012244701385,0.19621145725250244
1659029073588577300,6.938577392578125,9.717252731323242,-0.06580262631177902,0.19142581522464752
1659029073598247000,6.948246826171875,9.728020668029785,0.5838487148284912,-0.08374879509210587
1659029073607916800,6.957916748046875,9.842875480651855,0.5419743061065674,0.2356930375099182
1659029073617586700,6.967586669921875,9.847661972045898,0.711864709854126,0.3852444589138031
1659029073627256300,6.97725634765625,9.765109062194824,0.05024927482008934,0.8243274092674255
1659029073636926200,6.98692626953125,9.305686950683594,1.0049854516983032,0.6783652305603027
1659029073646596000,6.99659619140625,10.250852584838867,0.2632105052471161,0.4977070987224579
1659029073656266000,7.006265869140625,9.682557106018066,0.42831525206565857,0.5754738450050354
1659029073665935600,7.015935546875,9.533005714416504,0.4749752879142761,0.06819544732570648
1659029073675605500,7.02560546875,9.964909553527832,1.317248821258545,-0.6209374666213989
1659029073685275400,7.035275390625,9.704092025756836,1.2263215780258179,-0.9439685344696045
1659029073694945000,7.044945068359375,9.834501266479492,1.8352949619293213,-1.2167502641677856
1659029073704615000,7.054614990234375,9.627521514892578,2.449054002761841,-1.0492527484893799
1659029073714284800,7.064284912109375,9.985248565673828,2.3054845333099365,-0.7046862840652466
1659029073723954400,7.073954345703125,9.282955169677734,2.358126640319824,-0.5587241053581238
1659029073733624300,7.083624267578125,9.720842361450195,2.403590440750122,-0.381655216217041
1659029073743294200,7.093294189453125,9.147761344909668,1.9154545068740845,-0.9020941257476807
1659029073752964000,7.102964111328125,10.073782920837402,1.399801254272461,-0.4905286431312561
1659029073762633700,7.1126337890625,10.118050575256348,0.8458628058433533,0.19142581522464752
1659029073772303600,7.1223037109375,9.34875774383545,-0.1902294009923935,0.8039883971214294
1659029073781973500,7.131973388671875,10.52363395690918,-0.1256231814622879,1.1736794710159302
1659029073791643400,7.141643310546875,9.759127616882324,-0.3038884699344635,0.9296116232872009
1659029073801313000,7.15131298828125,9.511469841003418,0.08853443711996078,0.397208571434021
1659029073810983000,7.16098291015625,9.512666702270508,-0.07537391036748886,0.729810893535614
1659029073820652500,7.170652587890625,9.21715259552002,0.19980068504810333,0.20099709928035736
1659029073830322400,7.180322509765625,9.877572059631348,0.3278166949748993,0.26919254660606384
1659029073839992300,7.189992431640625,9.734002113342285,0.25244277715682983,0.09212367236614227
1659029073849662200,7.199662109375,9.66819953918457,0.8434699773788452,-0.07178468257188797
1659029073859331800,7.209331787109375,9.572486877441406,0.4259224236011505,-0.11485548317432404
1659029073869001700,7.219001708984375,9.643074989318848,0.3314059376716614,-0.2392822653055191
1659029073878671600,7.228671630859375,9.5533447265625,0.33738797903060913,0.035892341285943985
1659029073888341500,7.238341552734375,9.665806770324707,-0.23210379481315613,0.15553347766399384
1659029073898011100,7.24801123046875,9.595218658447266,0.11126625537872314,0.15314064919948578
1659029073907681000,7.257680908203125,9.8871431350708,0.12203395366668701,0.2548356056213379
1659029073917350700,7.2673505859375,10.009177207946777,0.09690931439399719,-0.038285162299871445
1659029073927020500,7.2770205078125,9.805787086486816,0.26081767678260803,-0.029910283163189888
1659029073936690400,7.2866904296875,9.533005714416504,-0.364905446767807,0.016749758273363113
1659029073946360300,7.2963603515625,9.92542839050293,-0.4127618968486786,0.6532405614852905
1659029073956030000,7.306030029296875,9.578469276428223,-0.39601215720176697,0.4773681163787842
1659029073965699800,7.315699951171875,10.063015937805176,-0.4223332107067108,0.43908295035362244
1659029073975369700,7.32536962890625,10.287940979003906,-0.15074782073497772,-0.15912270545959473
1659029073985039600,7.33503955078125,10.079765319824219,0.5276173949241638,-0.8315058946609497
1659029073994709200,7.344709228515625,9.724431037902832,0.6281159520149231,-0.6269195079803467
1659029074004379100,7.354379150390625,9.354740142822266,0.34576287865638733,-0.6903293132781982
1659029074014049000,7.364049072265625,9.756733894348145,0.16271193325519562,-0.1423729509115219
1659029074023718700,7.37371875,9.54496955871582,0.02871387079358101,0.26081767678260803
1659029074033388500,7.383388427734375,10.083354949951172,-0.1543370634317398,0.14476576447486877
1659029074043058400,7.393058349609375,9.67657470703125,0.25363919138908386,0.1866401731967926
1659029074052728000,7.40272802734375,9.734002113342285,0.3936193287372589,-0.10767702013254166
1659029074062398000,7.41239794921875,9.7064847946167,0.37926238775253296,-0.43908295035362244
1659029074072067800,7.42206787109375,9.507881164550781,0.5706881880760193,-0.3290131092071533
1659029074081737500,7.431737548828125,9.981659889221191,0.25004997849464417,-0.3696911036968231
1659029074091407400,7.441407470703125,9.818947792053223,0.09451649338006973,0.20338992774486542
1659029074101077200,7.4510771484375,9.67657470703125,-0.010767702013254166,0.19621145725250244
1659029074110747100,7.4607470703125,9.69093132019043,0.05623133108019829,0.4223332107067108
1659029074120416800,7.470416748046875,9.747162818908691,0.1459621787071228,0.13040883839130402
1659029074130086700,7.480086669921875,10.213763236999512,-0.14715859293937683,0.4259224236011505
1659029074139756500,7.489756591796875,9.373882293701172,0.29312077164649963,-0.029910283163189888
1659029074149426200,7.49942626953125,9.88833999633789,0.47617170214653015,-0.4977070987224579
1659029074159096000,7.509095947265625,9.510273933410645,1.2251251935958862,-0.8973084688186646
1659029074168766000,7.518765869140625,10.096514701843262,0.4019941985607147,-0.589830756187439
1659029074178435600,7.528435546875,9.299705505371094,0.5419743061065674,-0.20338992774486542
1659029074188105500,7.53810546875,9.905089378356934,0.42831525206565857,0.08614161610603333
1659029074197775400,7.547775390625,9.632308006286621,0.7980063557624817,-0.2548356056213379
1659029074207445200,7.5574453125,9.82373332977295,0.698704183101654,-0.1459621787071228
1659029074217115000,7.567114990234375,9.601201057434082,0.9200403094291687,-0.5120640397071838
1659029074226784800,7.57678466796875,9.781859397888184,0.5479564070701599,-0.4331009089946747
1659029074236454700,7.58645458984375,9.510273933410645,0.31345975399017334,0.4175475537776947
1659029074246124500,7.59612451171875,10.114460945129395,0.8350951075553894,1.1629117727279663
1659029074255794200,7.605794189453125,9.470791816711426,0.5395814776420593,0.22971096634864807
1659029074265464000,7.615464111328125,9.726823806762695,1.3914263248443604,0.6185446381568909
1659029074275133700,7.6251337890625,9.473184585571289,0.8530412912368774,0.14715859293937683
1659029074284803600,7.634803466796875,9.978070259094238,0.5946164131164551,0.01196411345154047
1659029074294473500,7.644473388671875,9.205188751220703,1.3471591472625732,-0.45224347710609436
1659029074304143400,7.654143310546875,10.015159606933594,0.8207381963729858,-0.003589233849197626
1659029074313813000,7.66381298828125,10.17428207397461,0.24885354936122894,0.03349951654672623
1659029074323483000,7.67348291015625,9.104690551757812,0.4091726839542389,0.4953143000602722
1659029074333152800,7.68315283203125,10.078569412231445,0.3170489966869354,0.6903293132781982
1659029074342822700,7.69282275390625,9.608379364013672,0.5407779216766357,0.1986042857170105
1659029074352492300,7.7024921875,9.981659889221191,0.9523434042930603,-0.23449662327766418
1659029074362162200,7.712162109375,9.607182502746582,1.1318050622940063,-0.30149564146995544
1659029074371831800,7.721831787109375,9.798608779907227,0.6269195079803467,-0.3290131092071533
1659029074381501700,7.731501708984375,10.021141052246094,0.8721838593482971,-0.20578274130821228
1659029074391171600,7.741171630859375,9.745966911315918,0.5994020700454712,-0.02153540402650833
1659029074400841500,7.750841552734375,9.805787086486816,0.7513462901115417,0.1866401731967926
1659029074410511000,7.760510986328125,9.687342643737793,0.6759724020957947,-0.03469592705368996
1659029074420181000,7.770180908203125,9.687342643737793,0.6400800347328186,0.3684946894645691
1659029074429851000,7.779850830078125,9.779465675354004,0.4905286431312561,0.1746760457754135
1659029074439520800,7.789520751953125,10.198209762573242,0.5994020700454712,0.10169496387243271
1659029074449190400,7.7991904296875,9.21715259552002,0.11964113265275955,-0.13878370821475983
1659029074458860300,7.8088603515625,10.14317512512207,0.794417142868042,0.23808585107326508
1659029074468530200,7.8185302734375,9.705288887023926,0.1495514214038849,0.31106695532798767
1659029074478200000,7.828199951171875,9.987641334533691,0.15314064919948578,0.6867401003837585
1659029074487869700,7.83786962890625,9.622735977172852,-0.2356930375099182,0.6089733839035034
1659029074497539600,7.84753955078125,10.082158088684082,0.8039883971214294,0.8063812255859375
1659029074507209200,7.857209228515625,8.947959899902344,-0.24287149310112,0.20338992774486542
1659029074516879000,7.866879150390625,10.687541961669922,1.1030912399291992,0.015553346835076809
1659029074526549000,7.876549072265625,9.363115310668945,0.02392822690308094,-0.9224331378936768
1659029074536219000,7.886218994140625,10.085747718811035,0.48095735907554626,0.1818545162677765
1659029074545888500,7.895888427734375,9.345169067382812,0.4426721930503845,-0.06340979784727097
1659029074555558400,7.905558349609375,9.652647018432617,0.45224347710609436,0.5814558863639832
1659029074565228300,7.915228271484375,10.438689231872559,-0.13280165195465088,0.37088751792907715
1659029074574898200,7.924898193359375,9.632308006286621,0.25244277715682983,0.10169496387243271
1659029074584567800,7.93456787109375,10.024730682373047,0.5527420043945312,0.010767702013254166
1659029074594237700,7.94423779296875,9.30329418182373,0.4570291340351105,-0.46420758962631226
1659029074603907300,7.9539072265625,9.707681655883789,0.02273181453347206,-0.5395814776420593
1659029074613577200,7.9635771484375,9.908679008483887,0.33499518036842346,-0.2548356056213379
1659029074623247000,7.9732470703125,9.993623733520508,0.26919254660606384,-0.6113662123680115
1659029074632917000,7.9829169921875,9.818947792053223,0.1579262912273407,-0.4163511395454407
1659029074642586600,7.992586669921875,9.79262638092041,-0.02751746028661728,-0.32662028074264526
1659029074652256500,8.002256591796876,9.431310653686523,0.05503492057323456,0.02273181453347206
1659029074661926400,8.011926513671876,9.883553504943848,0.03349951654672623,0.16749759018421173
1659029074671596300,8.02159619140625,9.832108497619629,-0.09212367236614227,0.04905286431312561
1659029074681266000,8.031265869140626,9.900303840637207,-0.12921242415905,0.18065811693668365
1659029074690935800,8.040935791015626,9.58325481414795,0.1902294009923935,-0.3086741268634796
1659029074700605700,8.050605712890626,9.579665184020996,-0.12203395366668701,-0.6364908218383789
1659029074710275600,8.060275634765626,9.757930755615234,0.5324030518531799,-0.005982056725770235
1659029074719945200,8.0699453125,10.133604049682617,0.38644084334373474,-0.2069791555404663
1659029074729615000,8.079614990234376,9.827322959899902,0.020338991656899452,-0.16031911969184875
1659029074739284700,8.08928466796875,9.810572624206543,0.6317051649093628,0.04426721855998039
1659029074748954600,8.09895458984375,9.900303840637207,0.28115665912628174,0.23688943684101105
1659029074758624500,8.10862451171875,9.631111145019531,0.44027936458587646,0.363709032535553
1659029074768294400,8.11829443359375,10.001998901367188,-0.05623133108019829,0.5455635786056519
1659029074777964000,8.127964111328126,10.055837631225586,0.4163511395454407,0.4450650215148926
1659029074787634000,8.137634033203126,9.88833999633789,0.11724831163883209,0.2273181527853012
1659029074797303800,8.1473037109375,9.632308006286621,0.16031911969184875,-0.2153540402650833
1659029074806973700,8.1569736328125,9.871589660644531,0.31345975399017334,-0.13519448041915894
1659029074816643300,8.166643310546876,9.720842361450195,0.275174617767334,-0.6281159520149231
1659029074826313200,8.176313232421874,9.915857315063477,0.6604190468788147,-0.7262216806411743
1659029074835983000,8.185983154296874,9.884750366210938,0.28235307335853577,-0.698704183101654
1659029074845652700,8.19565283203125,9.711270332336426,0.09092725813388824,-0.14835500717163086
1659029074855322600,8.205322509765624,9.658628463745117,-0.3445664644241333,0.4163511395454407
1659029074864992500,8.214992431640624,9.90987491607666,-0.5084748268127441,0.30628129839897156
1659029074874662100,8.224662109375,9.76391315460205,-0.40797626972198486,0.29790642857551575
1659029074884332000,8.23433203125,9.822537422180176,-0.36610186100006104,0.07657032459974289
1659029074894002000,8.244001953125,9.787840843200684,-0.43190449476242065,0.02153540402650833
1659029074903671800,8.253671875,9.535398483276367,0.3122633695602417,-0.4462614357471466
1659029074913341400,8.263341552734374,9.944570541381836,0.9272187948226929,-0.9918249845504761
1659029074923011300,8.27301123046875,9.487542152404785,0.2105683982372284,-1.0265209674835205
1659029074932681200,8.28268115234375,10.113265037536621,0.20937198400497437,-0.4618147611618042
1659029074942351000,8.29235107421875,9.745966911315918,-0.20338992774486542,0.16510476171970367
1659029074952020700,8.302020751953124,9.858428955078125,-0.4701896607875824,0.6843472719192505
1659029074961690600,8.311690673828124,9.724431037902832,-0.2847459018230438,0.7968099117279053
1659029074971360500,8.321360595703124,9.93260669708252,0.14715859293937683,0.13040883839130402
1659029074981030100,8.331030029296874,9.69093132019043,-0.2847459018230438,0.059820566326379776
1659029074990700000,8.340699951171874,9.731609344482422,0.11844471842050552,0.062213387340307236
1659029075000370000,8.350369873046875,10.130014419555664,0.589830756187439,-0.5479564070701599
1659029075010039600,8.36003955078125,9.66102123260498,0.6089733839035034,-0.38285163044929504
1659029075019709400,8.36970947265625,9.495916366577148,0.07058826833963394,-0.3086741268634796
1659029075029379300,8.37937939453125,9.689735412597656,0.8697910308837891,-0.4211367964744568
1659029075039049200,8.38904931640625,10.108479499816895,0.21774685382843018,0.43549370765686035
1659029075048718800,8.39871875,9.968499183654785,-0.2392822653055191,0.747757077217102
1659029075058388700,8.408388671875,9.728020668029785,0.40677985548973083,0.349352091550827
1659029075068058600,8.41805859375,9.503094673156738,-0.1459621787071228,0.641276478767395
1659029075077728300,8.427728271484375,9.972088813781738,0.1339980661869049,0.4737788736820221
1659029075087398100,8.437398193359375,10.264012336730957,0.05383851006627083,0.6520441770553589
1659029075097068000,8.447068115234375,9.324830055236816,0.47258245944976807,0.11964113265275955
1659029075106738000,8.456738037109375,9.243474006652832,0.9379864931106567,0.08135596662759781
1659029075116407600,8.466407470703125,9.797411918640137,0.5383850932121277,0.5790630578994751
1659029075126077400,8.476077392578125,10.331011772155762,1.7623138427734375,-0.48095735907554626
1659029075135747300,8.485747314453125,9.564111709594727,1.2035897970199585,-0.35054850578308105
1659029075145417000,8.4954169921875,9.495916366577148,1.3363914489746094,-0.8769695162773132
1659029075155086800,8.5050869140625,9.719645500183105,1.5445669889450073,-0.22013968229293823
1659029075164756700,8.5147568359375,10.6025972366333,0.9439685344696045,-0.6281159520149231
1659029075174426600,8.524426513671875,8.638090133666992,0.8685946464538574,-0.3888336718082428
1659029075184096300,8.53409619140625,9.578469276428223,0.42831525206565857,-0.013160524889826775
1659029075193766100,8.54376611328125,9.927821159362793,1.2610175609588623,0.3290131092071533
1659029075203436000,8.55343603515625,10.445867538452148,0.534795880317688,0.21296121180057526
1659029075213105700,8.563105712890625,9.829715728759766,0.7836494445800781,0.06340979784727097
1659029075222775600,8.572775634765625,9.572486877441406,0.8051848411560059,-0.25722843408584595
1659029075232445400,8.582445556640625,9.639486312866211,0.2548356056213379,0.1459621787071228
1659029075242115300,8.592115234375,9.262616157531738,0.5455635786056519,0.11126625537872314
1659029075251785000,8.601784912109375,10.457831382751465,0.7094719409942627,0.20338992774486542
1659029075261454800,8.611454833984375,8.913264274597168,0.11006984114646912,0.6017948985099792
1659029075271124700,8.621124755859375,10.106086730957031,0.27397820353507996,0.8123632669448853
1659029075280794600,8.630794677734375,10.145567893981934,0.2225325107574463,-0.14356936514377594
1659029075290464300,8.64046435546875,10.071390151977539,-0.3314059376716614,0.5886343717575073
1659029075300134100,8.650134033203125,9.584450721740723,0.3206382393836975,0.17706887423992157
1659029075309803800,8.6598037109375,10.053443908691406,0.275174617767334,0.17946170270442963
1659029075319473700,8.6694736328125,9.212367057800293,0.10767702013254166,-0.25363919138908386
1659029075329143600,8.6791435546875,10.25324535369873,0.23449662327766418,0.02871387079358101
1659029075338813400,8.6888134765625,9.243474006652832,0.8709874153137207,-0.5635097622871399
1659029075348483000,8.698483154296875,10.264012336730957,0.064606212079525,-0.19381862878799438
1659029075358153000,8.708153076171875,9.984052658081055,0.3517449200153351,-0.27756741642951965
1659029075367822800,8.71782275390625,9.376275062561035,-0.28594231605529785,0.07657032459974289
1659029075377492700,8.72749267578125,9.964909553527832,0.31824541091918945,0.6652047038078308
1659029075387162400,8.737162353515625,9.399007797241211,-0.2715853750705719,0.08015955984592438
1659029075396832300,8.746832275390625,9.628718376159668,0.5359922647476196,0.45942193269729614
1659029075406502100,8.756502197265625,10.359725952148438,-0.06819544732570648,0.29431718587875366
1659029075416172000,8.766172119140625,10.548758506774902,0.6149554252624512,0.059820566326379776
1659029075425841700,8.775841552734375,8.921639442443848,-0.1423729509115219,0.019142581149935722
1659029075435511600,8.785511474609375,9.644271850585938,0.1663011759519577,0.08015955984592438
1659029075445181200,8.79518115234375,10.102497100830078,0.6041877269744873,-0.4654040038585663
1659029075454851000,8.80485107421875,9.219545364379883,0.589830756187439,-0.35892340540885925
1659029075464521000,8.81452099609375,10.088140487670898,-0.10169496387243271,-0.06699903309345245
1659029075474190800,8.82419091796875,9.220742225646973,0.24047867953777313,0.7908278703689575
1659029075483860500,8.833860595703126,9.756733894348145,-0.07896314561367035,0.1339980661869049
1659029075493530400,8.8435302734375,10.126425743103027,0.6496513485908508,-0.10887342691421509
1659029075503200300,8.8532001953125,9.795019149780273,0.8255237936973572,0.16390834748744965
1659029075512870100,8.8628701171875,9.66102123260498,0.33379876613616943,0.009571290574967861
1659029075522539800,8.872539794921876,9.747162818908691,0.6879364848136902,0.11006984114646912
1659029075532209700,8.882209716796876,10.393224716186523,0.5240281820297241,-0.3242274820804596
1659029075541879600,8.891879638671876,9.760323524475098,0.8805587291717529,-0.5120640397071838
1659029075551549400,8.901549560546876,9.213563919067383,0.9655039310455322,-0.4450650215148926
1659029075561219000,8.911218994140626,10.194621086120605,0.46779683232307434,-0.5132604837417603
1659029075570889000,8.920888916015626,9.528220176696777,0.8841479420661926,-0.04546362906694412
1659029075580558600,8.93055859375,9.754341125488281,0.5132604837417603,0.40797626972198486
1659029075590228500,8.940228515625,9.615557670593262,0.8949156403541565,0.0849452018737793
1659029075599898400,8.9498984375,10.016355514526367,1.0109676122665405,0.013160524889826775
1659029075609568300,8.959568359375,9.824930191040039,0.9978070259094238,0.19142581522464752
1659029075619238000,8.96923779296875,10.073782920837402,0.8327022790908813,-0.34576287865638733
1659029075628907800,8.97890771484375,9.287740707397461,1.3100703954696655,-0.9236295223236084
1659029075638577700,8.98857763671875,9.929018020629883,0.7884350419044495,-0.3936193287372589
1659029075648247600,8.99824755859375,9.804591178894043,0.397208571434021,-0.12681959569454193
1659029075657917200,9.007917236328124,9.790233612060547,-0.0933200865983963,0.14835500717163086
1659029075667587000,9.017587158203124,9.77826976776123,0.37447673082351685,-0.02871387079358101
1659029075677257000,9.027257080078124,9.500701904296875,-0.06819544732570648,0.3481557071208954
1659029075686926600,9.036926513671874,9.745966911315918,0.6532405614852905,0.4977070987224579
1659029075696596500,9.046596435546874,10.63250732421875,0.04905286431312561,0.24646073579788208
1659029075706266400,9.056266357421874,7.8628153800964355,1.2538390159606934,-0.18065811693668365
1659029075715936300,9.065936279296874,10.258030891418457,0.6544370055198669,-0.4103690981864929
1659029075725606000,9.07560595703125,8.59621524810791,0.7908278703689575,-0.20817556977272034
1659029075735275800,9.08527587890625,10.957931518554688,-0.486939400434494,0.059820566326379776
1659029075744945700,9.094945556640624,9.955338478088379,-0.5084748268127441,-0.4259224236011505
1659029075754615300,9.104615234375,9.510273933410645,-0.641276478767395,0.5204389095306396
1659029075764285200,9.11428515625,10.012765884399414,-0.3577269911766052,0.2991028428077698
1659029075773955000,9.123955078125,10.301101684570312,-0.4941178858280182,0.7393822073936462
1659029075783625000,9.133625,9.44327449798584,-0.9595218896865845,0.397208571434021
1659029075793294600,9.143294677734374,9.804591178894043,-0.37926238775253296,0.6149554252624512
1659029075802964500,9.152964599609374,9.738788604736328,-0.25722843408584595,0.24646073579788208
1659029075812634400,9.16263427734375,9.513862609863281,0.0023928226437419653,0.05383851006627083
1659029075822304000,9.172303955078124,9.92542839050293,0.18783657252788544,0.19980068504810333
1659029075831974000,9.181973876953125,9.757930755615234,0.09212367236614227,0.02632104977965355
1659029075841643800,9.191643798828125,10.06421184539795,0.6675975322723389,0.22133609652519226
1659029075851313700,9.201313720703125,9.058030128479004,0.30508488416671753,0.06819544732570648
1659029075860983300,9.2109833984375,10.53200912475586,0.9978070259094238,-0.062213387340307236
1659029075870653200,9.220653076171875,9.351150512695312,0.23210379481315613,0.09810572862625122
1659029075880323000,9.230322998046875,10.527223587036133,0.6640082597732544,0.22133609652519226
1659029075889993000,9.239992919921875,9.159725189208984,0.4103690981864929,-0.18424734473228455
1659029075899662600,9.24966259765625,10.511670112609863,0.4989035129547119,0.29431718587875366
1659029075909332500,9.25933251953125,9.072386741638184,-0.16510476171970367,0.31824541091918945
1659029075919002000,9.269002197265625,10.457831382751465,0.5240281820297241,0.10289137065410614
1659029075928672300,9.27867236328125,9.667003631591797,0.8327022790908813,-0.04426721855998039
1659029075938342000,9.288341796875,9.494720458984375,0.3684946894645691,0.08135596662759781
1659029075948011800,9.29801171875,10.230513572692871,1.124626636505127,-0.3397808074951172
1659029075957681400,9.307681396484375,9.91107177734375,1.4321043491363525,-0.3170489966869354
1659029075967351300,9.317351318359375,8.565108299255371,1.262213945388794,-0.6245267391204834
1659029075977021200,9.327021240234375,10.64806079864502,0.9092726111412048,-0.059820566326379776
1659029075986691000,9.336691162109375,10.74855899810791,0.6747759580612183,0.6939185857772827
1659029075996360700,9.346360595703125,9.087940216064453,1.2430713176727295,0.040677983313798904
1659029076006030600,9.356030517578125,10.161121368408203,0.5300102233886719,0.4426721930503845
1659029076015700500,9.365700439453125,8.404789924621582,0.16390834748744965,0.15672987699508667
1659029076025370400,9.375370361328125,13.064811706542969,0.8327022790908813,-0.22492532432079315
1659029076035040000,9.3850400390625,6.893722057342529,0.9415757060050964,0.7106683254241943
1659029076044710000,9.3947099609375,9.08674430847168,0.45224347710609436,-0.12801600992679596
1659029076054379500,9.404379638671875,11.265409469604492,0.656829833984375,-0.29790642857551575
1659029076064049400,9.41404931640625,10.175477981567383,0.550349235534668,-0.009571290574967861
1659029076073719300,9.42371923828125,8.933603286743164,0.08015955984592438,0.25004997849464417
1659029076083389200,9.43338916015625,8.024331092834473,0.1459621787071228,-0.24406790733337402
1659029076093058800,9.443058837890625,12.04786205291748,-0.41874396800994873,0.05383851006627083
1659029076102728700,9.452728759765625,9.80937671661377,-0.2632105052471161,0.061016976833343506
1659029076112398600,9.462398681640625,9.766305923461914,-0.4773681163787842,-0.10289137065410614
1659029076122068500,9.472068359375,9.445667266845703,-0.29312077164649963,0.6269195079803467
1659029076131738000,9.481738037109375,10.235299110412598,-0.1423729509115219,-0.13878370821475983
1659029076141408000,9.491407958984375,9.454042434692383,0.17228323221206665,-0.25363919138908386
1659029076151078000,9.501077880859375,9.988838195800781,0.2584248483181,-0.4630111753940582
1659029076160747800,9.510747802734375,9.68494987487793,0.3074777126312256,-0.3290131092071533
1659029076170417400,9.52041748046875,9.787840843200684,0.36610186100006104,-0.4019941985607147
1659029076180087300,9.53008740234375,9.841679573059082,0.14715859293937683,-0.2835494875907898
1659029076189757200,9.539757080078125,10.192228317260742,0.13639089465141296,-0.6005984544754028
1659029076199426800,9.5494267578125,10.826326370239258,0.45224347710609436,-0.672383189201355
1659029076209096700,9.5590966796875,7.70967435836792,0.010767702013254166,0.40797626972198486
1659029076218766600,9.5687666015625,9.219545364379883,-0.14476576447486877,0.1866401731967926
1659029076228436500,9.5784365234375,11.398210525512695,-0.2548356056213379,-0.16510476171970367
1659029076238106000,9.588106201171875,9.193224906921387,0.6843472719192505,0.11724831163883209
1659029076247776000,9.59777587890625,9.425328254699707,0.28594231605529785,-0.5180460810661316
1659029076257446000,9.60744580078125,10.567901611328125,0.3601198196411133,-0.29790642857551575
1659029076267115500,9.617115478515625,9.509077072143555,0.8973084688186646,0.3613162338733673
1659029076276785400,9.626785400390625,9.221938133239746,1.1808580160140991,-0.26081767678260803
1659029076286455300,9.636455322265626,10.053443908691406,-0.14476576447486877,0.04905286431312561
1659029076296125000,9.646125,9.827322959899902,0.8003991842269897,-0.037088751792907715
1659029076305794800,9.655794921875,9.57487964630127,0.7334001660346985,-0.4295116662979126
1659029076315464700,9.665464599609376,9.753145217895508,0.7262216806411743,0.0323031060397625
1659029076325134600,9.675134521484376,10.26640510559082,0.2189432680606842,0.1256231814622879
1659029076334804200,9.68480419921875,9.493523597717285,0.1902294009923935,0.47617170214653015
1659029076344474000,9.69447412109375,9.899106979370117,0.14715859293937683,-0.05742774158716202
1659029076354144000,9.70414404296875,10.29153060913086,-0.747757077217102,-0.22013968229293823
1659029076363814000,9.71381396484375,9.215956687927246,-0.7381857633590698,0.009571290574967861
1659029076373483500,9.7234833984375,10.097711563110352,-0.8949156403541565,-0.2069791555404663
1659029076383153400,9.7331533203125,9.701699256896973,-1.007378339767456,-0.7441678643226624
1659029076392823300,9.7428232421875,10.171889305114746,-0.09690931439399719,-0.8015955686569214
1659029076402493200,9.7524931640625,8.848658561706543,-0.7549355626106262,-0.8315058946609497
1659029076412162800,9.762162841796876,11.203195571899414,-0.9116654396057129,-0.1663011759519577
1659029076421832700,9.771832763671876,8.924032211303711,-1.0636097192764282,0.040677983313798904
1659029076431502300,9.78150244140625,10.701899528503418,-1.23589289188385,0.49651068449020386
1659029076441172200,9.791172119140626,11.36949634552002,-0.2955136001110077,0.7513462901115417
1659029076450842000,9.800842041015626,10.077372550964355,0.15672987699508667,0.380458801984787
1659029076460512000,9.810511962890626,9.065208435058594,0.06699903309345245,0.09571290761232376
1659029076470181600,9.820181640625,8.388039588928223,0.15194423496723175,0.36251261830329895
1659029076479851500,9.8298515625,8.209774017333984,0.2991028428077698,0.11006984114646912
1659029076489521400,9.839521484375,9.237491607666016,0.36610186100006104,0.0526420995593071
1659029076499191300,9.84919140625,9.881160736083984,0.4103690981864929,0.18544375896453857
1659029076508861000,9.85886083984375,11.075180053710938,0.5108676552772522,0.08374879509210587
1659029076518530800,9.86853076171875,11.184053421020508,0.6711867451667786,-0.07058826833963394
1659029076528200700,9.87820068359375,10.197013854980469,0.49172505736351013,-0.040677983313798904
1659029076537870300,9.887870361328124,9.620343208312988,0.3481557071208954,0.13160525262355804
1659029076547540200,9.897540283203124,9.199206352233887,0.31345975399017334,0.19980068504810333
1659029076557210000,9.907210205078124,8.920442581176758,0.3038884699344635,0.16510476171970367
1659029076566880000,9.9168798828125,9.117850303649902,0.33738797903060913,0.12083754688501358
1659029076576549600,9.926549560546874,9.784252166748047,0.3756731450557709,0.1052841991186142
1659029076586219500,9.936219482421874,10.248459815979004,0.4486542344093323,0.09810572862625122
1659029076595889400,9.945889404296874,10.352546691894531,0.50129634141922,0.035892341285943985
1659029076605559300,9.955559326171874,10.286744117736816,0.4977070987224579,0.02632104977965355
1659029076615229000,9.96522900390625,10.028319358825684,0.41156548261642456,0.05503492057323456
1659029076624898800,9.97489892578125,9.601201057434082,0.37806597352027893,0.137587308883667
1659029076634568700,9.984568603515624,9.349954605102539,0.3577269911766052,0.15314064919948578
1659029076644238600,9.994238525390625,9.42173957824707,0.3433700501918793,0.13040883839130402
1659029076653908200,10.003908203125,9.600004196166992,0.3720839321613312,0.10887342691421509
1659029076663578000,10.013578125,9.7938232421875,0.4055834412574768,0.10289137065410614
1659029076673247700,10.023247802734375,10.017552375793457,0.4307080805301666,0.09212367236614227
1659029076682917600,10.032917724609375,10.095318794250488,0.4582255482673645,0.06939185410737991
1659029076692587500,10.04258740234375,9.973284721374512,0.4414757788181305,0.07178468257188797
1659029076702257400,10.05225732421875,9.784252166748047,0.39122650027275085,0.08255238085985184
1659029076711927000,10.061927001953125,9.627521514892578,0.3768695592880249,0.11006984114646912
1659029076721597000,10.071596923828125,9.596415519714355,0.363709032535553,0.13280165195465088
1659029076731266800,10.081266845703125,5.229514122009277,-0.04307080805301666,0.08374879509210587
1659029076740936700,10.090936767578125,15.128621101379395,1.293320655822754,0.15314064919948578
1659029076750606300,10.1006064453125,10.48654556274414,0.5659025311470032,-0.2548356056213379
1659029076760276200,10.110276123046875,7.39980411529541,0.1818545162677765,0.39601215720176697
1659029076769946000,10.119946044921875,10.557133674621582,0.5359922647476196,0.08255238085985184
1659029076779616000,10.129615966796875,11.151749610900879,0.6664010882377625,-0.040677983313798904
1659029076789285600,10.13928564453125,10.403992652893066,0.37088751792907715,-0.04666004329919815
